Date,Open,High,Low,Close,SMA_20,SMA_50,macd,macdsignal,macdhist,cci,rsi,CDLXSIDEGAP3METHODS,CDLEVENINGSTAR,CDLMORNINGSTAR,CDLENGULFING
2015-08-03,2.926,2.95,2.888,2.9219999999999997,,,,,,,,0,0,0,0
2015-08-04,2.9160000000000004,2.95,2.858,2.872,,,,,,,,0,0,0,0
2015-08-05,2.924,3.0,2.912,3.0,,,,,,,,0,0,0,0
2015-08-06,3.0,3.03,2.948,2.97,,,,,,,,0,0,0,0
2015-08-07,2.944,2.97,2.908,2.924,,,,,,,,0,0,0,0
2015-08-10,2.95,2.95,2.91,2.932,,,,,,,,0,0,0,0
2015-08-11,2.938,2.938,2.89,2.89,,,,,,,,0,0,0,0
2015-08-12,2.89,2.89,2.6519999999999997,2.7,,,,,,,,0,0,0,0
2015-08-13,2.7319999999999998,2.826,2.7,2.73,,,,,,,,0,0,0,0
2015-08-14,2.74,2.758,2.68,2.6860000000000004,,,,,,,,0,0,0,0
2015-08-17,2.7039999999999997,2.74,2.6860000000000004,2.71,,,,,,,,0,0,0,0
2015-08-18,2.71,2.838,2.702,2.772,,,,,,,,0,0,0,0
2015-08-19,2.758,2.762,2.688,2.7060000000000004,,,,,,,,0,0,0,0
2015-08-20,2.7060000000000004,2.7060000000000004,2.592,2.592,,,,,,-122.597864768683,,0,0,0,0
2015-08-21,2.588,2.6239999999999997,2.522,2.54,,,,,,-137.9249500058818,28.442437923250548,0,0,0,0
2015-08-24,2.47,2.546,2.4,2.5,,,,,,-156.49810877308968,27.12369597615497,0,0,0,0
2015-08-25,2.5140000000000002,2.61,2.488,2.55,,,,,,-108.13269127875841,31.405037946455305,0,0,0,0
2015-08-26,2.548,2.57,2.484,2.522,,,,,,-107.46529849262197,30.33044240393974,0,0,0,0
2015-08-27,2.56,2.574,2.502,2.5639999999999996,,,,,,-79.28068490958555,33.979657220813955,0,0,0,0
2015-08-28,2.5839999999999996,2.62,2.5340000000000003,2.56,2.7321,,,,,-54.45058317986485,33.79808730818166,0,0,0,0
2015-08-31,2.5660000000000003,2.57,2.494,2.524,2.7122,,,,,-73.02252488213689,32.133851485089274,0,0,0,0
2015-09-01,2.52,2.52,2.454,2.5,2.6936000000000004,,,,,-88.69499241274619,31.036638729351186,0,0,0,0
2015-09-02,2.49,2.52,2.4419999999999997,2.508,2.6690000000000005,,,,,-82.01927288655267,31.87170133833558,0,0,0,0
2015-09-03,2.524,2.5380000000000003,2.4619999999999997,2.512,2.6461000000000006,,,,,-65.55981268624936,32.313028228221995,0,0,0,0
2015-09-04,2.496,2.5,2.4,2.432,2.6215000000000006,,,,,-115.4152915291524,28.356612868645115,0,0,0,0
2015-09-07,2.444,2.458,2.39,2.41,2.5954000000000006,,,,,-139.91800535475184,27.36435001542351,0,0,0,0
2015-09-08,2.39,2.456,2.39,2.444,2.573100000000001,,,,,-117.82312925170031,31.361766477432727,0,0,0,0
2015-09-09,2.488,2.53,2.474,2.48,2.5621000000000005,,,,,-14.161490683229601,35.41471789066928,0,0,0,0
2015-09-10,2.49,2.542,2.468,2.474,2.549300000000001,,,,,-6.535947712418458,35.043316154753946,0,0,0,0
2015-09-11,2.5,2.5,2.41,2.438,2.536900000000001,,,,,-85.80246913580295,32.81936017602259,0,0,0,0
2015-09-14,2.406,2.4459999999999997,2.346,2.378,2.520300000000001,,,,,-152.37467018469707,29.463257881591183,0,0,0,0
2015-09-15,2.378,2.396,2.356,2.37,2.500200000000001,,,,,-138.90947088439296,29.036895691792964,0,0,0,0
2015-09-16,2.3819999999999997,2.4,2.34,2.3680000000000003,2.4833000000000007,,,,,-122.08452494439118,28.92420603515976,0,0,0,0
2015-09-17,2.38,2.38,2.35,2.3680000000000003,2.472100000000001,,-0.12272793341025601,-0.13860786959757088,0.01587993618731487,-113.21897073662979,28.92420603515976,0,0,0,0
2015-09-18,2.36,2.372,2.3040000000000003,2.32,2.461100000000001,,-0.12233695937687239,-0.1353536875534312,0.0130167281765588,-135.85515680569026,26.10434749863508,0,0,0,0
2015-09-21,2.312,2.3280000000000003,2.2680000000000002,2.28,2.4501000000000013,,-0.12382737049741932,-0.1330484241422288,0.00922105364480949,-153.0833540269847,24.004169976785654,0,0,0,0
2015-09-22,2.292,2.292,2.146,2.146,2.4299000000000013,,-0.1342733920819228,-0.13329341773016762,-0.0009799743517551751,-205.42241587993223,18.60427411920375,0,0,0,0
2015-09-23,2.14,2.296,2.1180000000000003,2.2640000000000002,2.4170000000000016,,-0.13151431050759443,-0.132937596285653,0.0014232857780585584,-145.4545454545456,32.91566115551825,0,0,0,0
2015-09-24,2.26,2.28,2.138,2.156,2.3966000000000016,,-0.1364692829435752,-0.13364393361723742,-0.002825349326337767,-140.05176778450925,28.053841005506314,0,0,0,0
2015-09-25,2.2,2.238,2.1919999999999997,2.21,2.3791000000000015,,-0.13448848604363395,-0.13381284410251673,-0.0006756419411172165,-99.18472652218801,33.354409086877254,0,0,0,0
2015-09-28,2.2,2.202,2.1319999999999997,2.146,2.3602000000000016,,-0.1365093604263734,-0.13435214736728807,-0.002157213059085339,-114.53221765234254,30.487538655325775,0,0,0,0
2015-09-29,2.15,2.16,2.116,2.122,2.3413000000000013,,-0.1384515342541448,-0.13517202474465942,-0.0032795095094853843,-113.6718750000002,29.464778168361573,0,0,0,0
2015-09-30,2.14,2.168,2.114,2.15,2.3234000000000012,,-0.13616176691973036,-0.1353699731796736,-0.000791793740056751,-92.50593421498793,32.317500103948014,0,0,0,0
2015-10-01,2.154,2.178,2.13,2.134,2.3045000000000013,,-0.13409244189225777,-0.13511446692219045,0.0010220250299326772,-80.41575492341347,31.53269621475625,0,0,0,-100
2015-10-02,2.1519999999999997,2.16,2.104,2.14,2.289900000000001,,-0.13046442437053685,-0.13418445841185972,0.0037200340413228727,-82.43654822335036,32.19763881447674,0,0,0,0
2015-10-05,2.198,2.272,2.1719999999999997,2.2680000000000002,2.282800000000001,,-0.11592436022251595,-0.13053243877399096,0.014608078551475001,12.727272727273062,44.566195403772596,0,0,0,0
2015-10-06,2.28,2.34,2.252,2.322,2.276700000000001,,-0.09890380443449409,-0.12420671190609159,0.025302907471597497,90.15955526676795,48.80884896607862,0,0,0,0
2015-10-07,2.338,2.4,2.32,2.37,2.271200000000001,,-0.08061244244177601,-0.11548785801322847,0.03487541557145246,153.15511120770847,52.30333312194323,0,0,0,0
2015-10-08,2.37,2.414,2.346,2.394,2.2672000000000008,,-0.06344841304643545,-0.10507996901986986,0.04163155597343442,160.8229950511828,53.99437289999075,0,0,0,0
2015-10-09,2.408,2.458,2.372,2.39,2.2648000000000006,2.4932000000000003,-0.049596841149271764,-0.09398334344575024,0.044386502296478475,151.59970566593068,53.652949855809,0,0,0,0
2015-10-12,2.39,2.4,2.31,2.366,2.2642000000000007,2.4820800000000007,-0.04009379375235689,-0.08320543350707157,0.04311163975471469,89.50934641039842,51.546833995966345,0,0,0,0
2015-10-13,2.396,2.396,2.3280000000000003,2.36,2.263700000000001,2.4718400000000007,-0.03267010939577286,-0.07309836868481183,0.04042825928903897,76.44661776691079,51.007758507327615,0,0,0,0
2015-10-14,2.324,2.39,2.324,2.376,2.2641000000000004,2.4593600000000007,-0.025205170262884824,-0.06351972900042643,0.03831455873754161,66.73139158576024,52.436248193312565,0,0,0,0
2015-10-15,2.4,2.414,2.324,2.3280000000000003,2.2621000000000007,2.446520000000001,-0.0228983926486519,-0.055395461730071524,0.032497069081419624,53.69381702030567,47.921950228773355,0,0,0,0
2015-10-16,2.318,2.336,2.274,2.28,2.2601000000000004,2.4336400000000005,-0.0246591977355215,-0.04924820893116152,0.02458901119564002,8.617123253114924,43.855912143128506,0,0,0,0
2015-10-19,2.3,2.316,2.276,2.282,2.2602,2.4206400000000006,-0.025598185222550196,-0.044518204189439255,0.01892001896688906,-4.46772639691768,44.06885550504329,0,0,0,0
2015-10-20,2.298,2.324,2.2319999999999998,2.278,2.2668000000000004,2.4084000000000008,-0.026361230288199256,-0.04088680940919125,0.014525579120991998,-28.880688806888298,43.71176924483821,0,0,0,0
2015-10-21,2.2640000000000002,2.296,2.25,2.254,2.2663,2.3994800000000005,-0.028573174652588573,-0.03842408245787072,0.009850907805282146,-56.916099773243566,41.53700358892283,0,0,0,0
2015-10-22,2.278,2.278,2.242,2.254,2.2712,2.3899600000000008,-0.02998055927252219,-0.03673537782080101,0.006754818548278821,-92.23007063572214,41.53700358892283,0,0,0,0
2015-10-23,2.28,2.316,2.266,2.28,2.2747,2.3818400000000004,-0.028667478171073846,-0.03512179789085558,0.006454319719781734,-60.40756914119381,44.976491840882076,0,0,0,0
2015-10-26,2.3,2.324,2.278,2.32,2.2834,2.3740400000000004,-0.02412113282753392,-0.032921664878191245,0.008800532050657325,-30.263157894736597,49.86344909571665,0,0,0,0
2015-10-27,2.306,2.326,2.2,2.228,2.2887,2.36316,-0.027623327981996404,-0.03186199749895228,0.004238669516955874,-100.0904977375569,40.87201725750894,0,0,0,0
2015-10-28,2.248,2.26,2.218,2.228,2.2926,2.3536,-0.03005241731404551,-0.031500081461970926,0.0014476641479254163,-112.34567901234611,40.87201725750894,0,0,0,0
2015-10-29,2.254,2.2680000000000002,2.23,2.2680000000000002,2.2993,2.3471200000000003,-0.0284221891005334,-0.03088450298968342,0.002462313889150018,-76.35737563795173,45.80018909646195,0,0,0,0
2015-10-30,2.272,2.2840000000000003,2.228,2.258,2.3052,2.34148,-0.02761876598053936,-0.030231355587854607,0.002612589607315245,-67.15586356841952,44.79500171112,0,0,0,0
2015-11-02,2.186,2.272,2.184,2.244,2.3040000000000003,2.33636,-0.02779136876709032,-0.02974335822370175,0.0019519894566114304,-104.02605091770404,43.36022600375352,0,0,0,0
2015-11-03,2.244,2.292,2.244,2.266,2.3012,2.33068,-0.025854902360347598,-0.02896566705103092,0.0031107646906833215,-19.052945563013424,46.272488463268104,0,0,0,0
2015-11-04,2.298,2.31,2.276,2.292,2.2973000000000003,2.32608,-0.02196901098913484,-0.027566335838651704,0.005597324849516864,79.32011331444807,49.57247383073268,0,0,0,0
2015-11-05,2.3080000000000003,2.3080000000000003,2.2680000000000002,2.286,2.2919000000000005,2.32052,-0.019152782581613348,-0.025883625187244033,0.006730842605630685,65.73254670599718,48.8271597330119,0,0,0,0
2015-11-06,2.3819999999999997,2.456,2.354,2.4,2.2924,2.3173200000000005,-0.007634053401000873,-0.022233710829995403,0.01459965742899453,304.89809335963093,60.86614026690079,0,0,0,0
2015-11-09,2.404,2.488,2.404,2.436,2.2959000000000005,2.3155600000000005,0.004349384599775075,-0.016917091744041306,0.02126647634381638,247.10834153274277,63.76520758596133,0,0,0,0
2015-11-10,2.4459999999999997,2.45,2.406,2.432,2.2995000000000005,2.3142000000000005,0.013369464120613461,-0.010859780571110353,0.024229244691723814,157.94961628294976,63.20493575945634,0,0,0,0
2015-11-11,2.424,2.5,2.404,2.408,2.301100000000001,2.3122000000000007,0.01836958951020895,-0.005013906554846492,0.023383496065055444,125.9796806966613,59.80931064472807,0,0,0,0
2015-11-12,2.424,2.424,2.346,2.35,2.3022000000000005,2.3089600000000003,0.01745094598912056,-0.0005209360460530811,0.01797188203517364,51.43748172692669,52.47257968334539,0,0,0,0
2015-11-13,2.396,2.414,2.31,2.334,2.304900000000001,2.3070000000000004,0.015255986580984704,0.002634448479354476,0.012621538101630228,27.823064770931634,50.62757449913781,0,0,0,0
2015-11-16,2.29,2.344,2.242,2.3,2.3058000000000005,2.3048000000000006,0.010650180929812514,0.004237594969446083,0.006412585960366431,-29.459654651697075,46.85719488374297,0,0,0,0
2015-11-17,2.306,2.37,2.306,2.3280000000000003,2.308300000000001,2.3024800000000005,0.009153892389095919,0.005220854453376051,0.003933037935719868,1.807228915662719,50.14972185224558,0,0,0,0
2015-11-18,2.332,2.334,2.3,2.314,2.311300000000001,2.2991600000000005,0.0067604595735590856,0.005528775477412658,0.0012316840961464279,-23.938489786549965,48.53068773812272,0,0,0,0
2015-11-19,2.32,2.358,2.3,2.31,2.314100000000001,2.2958800000000004,0.004489132329778656,0.005320846847885858,-0.000831714518107202,-23.33333333333293,48.05334781380824,0,0,0,0
2015-11-20,2.318,2.336,2.296,2.322,2.316200000000001,2.2935600000000007,0.0036157091920046014,0.004979819316709606,-0.001364110124705005,-40.01993295279524,49.65323308115236,0,0,0,0
2015-11-23,2.33,2.378,2.3,2.376,2.3190000000000013,2.2935200000000004,0.007197890959366848,0.005423433645241055,0.0017744573141257932,-4.011461318051514,56.19181714671766,0,0,0,0
2015-11-24,2.366,2.3680000000000003,2.29,2.29,2.322100000000001,2.2919200000000006,0.003062017518304927,0.004951150419853829,-0.0018891329015489023,-60.285006195786146,45.955591326649134,0,0,0,0
2015-11-25,2.296,2.32,2.28,2.32,2.326700000000001,2.2909600000000006,0.0021799284403409835,0.00439690602395126,-0.0022169775836102766,-78.3077166851528,49.41719376351582,0,0,0,0
2015-11-26,2.326,2.3480000000000003,2.296,2.316,2.3291000000000013,2.289920000000001,0.0011449022004508258,0.0037465052592511733,-0.0026016030588003475,-51.94009530292729,48.96684193121876,0,0,0,0
2015-11-27,2.316,2.32,2.2840000000000003,2.314,2.331900000000001,2.289800000000001,0.00016139272816717565,0.0030294827530343736,-0.002868090024867198,-69.63915110129207,48.72772809603582,0,0,0,0
2015-11-30,2.32,2.334,2.31,2.312,2.335300000000001,2.2904400000000007,-0.0007705465190999128,0.0022694768986075164,-0.003040023417707429,-37.98307598359957,48.4728188612574,0,0,0,0
2015-12-01,2.334,2.334,2.2840000000000003,2.3,2.3370000000000006,2.2935200000000004,-0.002449182151356588,0.0013257450886146956,-0.0037749272399712837,-73.036792970895,46.887903218405654,0,0,0,0
2015-12-02,2.3040000000000003,2.314,2.27,2.28,2.3364000000000007,2.2938400000000008,-0.005331883206242782,-5.780570356799918e-06,-0.005326102635885982,-152.17391304348013,44.288733888836326,0,0,0,0
2015-12-03,2.326,2.358,2.276,2.276,2.335900000000001,2.2962400000000005,-0.007848735791054384,-0.0015743716144963169,-0.006274364176558068,-63.78504672896858,43.76618475749578,0,0,0,0
2015-12-04,2.314,2.32,2.246,2.28,2.329900000000001,2.297640000000001,-0.00941209624022532,-0.0031419165396421177,-0.006270179700583203,-165.02849002848788,44.47174255108828,0,0,0,0
2015-12-07,2.2840000000000003,2.344,2.2840000000000003,2.33,2.324600000000001,2.3013200000000005,-0.006541086948376407,-0.0038217506213889755,-0.002719336326987431,39.02345251826239,52.49528978050486,0,0,0,0
2015-12-08,2.336,2.36,2.296,2.3080000000000003,2.318400000000001,2.305040000000001,-0.005972164147658443,-0.004251833326642869,-0.001720330821015574,46.87616909839388,49.131348454673585,0,0,0,0
2015-12-09,2.33,2.374,2.294,2.294,2.3127000000000004,2.3079200000000006,-0.0065751771767526,-0.004716502096664815,-0.001858675080087785,44.44444444444433,47.064486652734125,0,0,0,0
2015-12-10,2.306,2.3280000000000003,2.224,2.224,2.306400000000001,2.3097200000000004,-0.012556738072176277,-0.006284549291767107,-0.006272188780409169,-214.3589743589724,38.372361512201756,0,0,0,0
2015-12-11,2.24,2.24,2.1719999999999997,2.174,2.2984000000000004,2.310400000000001,-0.021088653439563565,-0.0092453701213264,-0.011843283318237165,-288.10073048827246,33.599083567181594,0,0,0,0
2015-12-14,2.174,2.188,2.124,2.15,2.2909000000000006,2.308040000000001,-0.02944740589618222,-0.013285777276297563,-0.01616162861988466,-243.0885122410547,31.569127247917688,0,0,0,0
2015-12-15,2.17,2.1919999999999997,2.15,2.166,2.2828000000000004,2.304920000000001,-0.03438434977648264,-0.017505491776334578,-0.01687885800014806,-152.4226503210742,34.414006179238434,0,0,0,0
2015-12-16,2.164,2.202,2.1519999999999997,2.164,2.2753000000000005,2.3008000000000006,-0.03802002546872352,-0.021608398514812367,-0.01641162695391115,-114.79469361970969,34.222484499570626,0,0,0,0
2015-12-17,2.214,2.248,2.206,2.2119999999999997,2.2704,2.2971600000000008,-0.03660615285758828,-0.02460794938336755,-0.011998203474220731,-45.39446509706751,42.49411167304674,0,0,0,0
2015-12-18,2.204,2.24,2.1919999999999997,2.238,2.2662,2.294120000000001,-0.03300717969664069,-0.026287795446022177,-0.0067193842506185104,-36.023803537004746,46.4241716154517,0,0,0,100
2015-12-21,2.24,2.278,2.204,2.204,2.2576,2.2908800000000005,-0.03252357189593669,-0.02753495073600508,-0.004988621159931608,-23.565323565323553,42.348363391064645,0,0,0,0
2015-12-22,2.226,2.338,2.224,2.3,2.2580999999999998,2.2896800000000006,-0.024115918241300438,-0.02685114423706415,0.002735225995763712,51.756798044607336,54.49609627208649,0,0,0,0
2015-12-23,2.3,2.35,2.29,2.3480000000000003,2.2595,2.2891200000000005,-0.013424840098878121,-0.024165883409426943,0.010741043310548821,99.70501474926277,59.132836602953475,0,0,0,0
2015-12-24,2.3480000000000003,2.3480000000000003,2.3480000000000003,2.3480000000000003,2.2611,2.2895200000000004,-0.0048956496442866815,-0.02031183665639889,0.015416187012112208,107.56712774613472,59.13283660295349,0,0,0,0
2015-12-25,2.3480000000000003,2.3480000000000003,2.3480000000000003,2.3480000000000003,2.2627999999999995,2.29088,0.0018425554086758389,-0.015880958243383946,0.017723513652059784,101.67714884695975,59.13283660295349,0,0,0,0
2015-12-28,2.354,2.37,2.29,2.336,2.264,2.2919600000000004,0.006143513152066404,-0.011476063964293876,0.01761957711636028,82.19461697722578,57.309426973667875,0,0,0,-100
2015-12-29,2.36,2.3680000000000003,2.3040000000000003,2.36,2.267,2.2936,0.011357727758402714,-0.006909305619754558,0.01826703337815727,90.95490047870935,59.968165925880044,0,0,0,0
2015-12-30,2.36,2.3680000000000003,2.318,2.326,2.2693,2.2950399999999997,0.012601255125094912,-0.0030071934707846634,0.015608448595879575,71.57066851723313,54.764655459297714,0,0,0,0
2015-12-31,2.326,2.326,2.326,2.326,2.2718,2.29648,0.013431924655977756,0.0002806301545678204,0.013151294501409935,52.849002849002666,54.764655459297714,0,0,0,0
2016-01-01,2.326,2.326,2.326,2.326,2.2741,2.2973999999999997,0.013929663751045762,0.0030104368738634087,0.010919226877182353,46.29307344239438,54.764655459297714,0,0,0,0
2016-01-04,2.306,2.3080000000000003,2.252,2.258,2.2705,2.2961599999999995,0.008736386247169659,0.004155626748524659,0.004580759498645,-26.71755725190836,45.00895159750926,0,0,0,0
2016-01-05,2.27,2.2840000000000003,2.2,2.2,2.2651000000000003,2.2956,-5.876149799988184e-05,0.0033127490992197507,-0.0033715105972196326,-100.78936850519523,38.67979079671199,0,0,0,0
2016-01-06,2.23,2.25,2.12,2.15,2.2579000000000002,2.29404,-0.010937481110335323,0.00046270305730873595,-0.011400184167644059,-161.81550900404312,34.213277722462934,0,0,0,0
2016-01-07,2.138,2.138,2.042,2.068,2.2501000000000007,2.29004,-0.02587736136375618,-0.004805309826904247,-0.021072051536851932,-217.4471382707857,28.41764219188069,0,0,0,0
2016-01-08,2.09,2.096,2.002,2.01,2.2419000000000002,2.2850800000000002,-0.04191427767212019,-0.012227103395947438,-0.029687174276172755,-195.3748006379584,25.169865883146098,0,0,0,0
2016-01-11,2.01,2.01,1.9080000000000001,1.959,2.2323500000000007,2.27938,-0.05806953372372048,-0.021395589461502044,-0.036673944262218434,-178.4074203339998,22.711886974857286,0,0,0,0
2016-01-12,1.95,1.965,1.886,1.919,2.2200000000000006,2.27244,-0.07325590773880641,-0.03176765311696292,-0.041488254621843496,-150.52542535471707,20.981260566900083,0,0,0,0
2016-01-13,1.97,2.102,1.95,2.0340000000000003,2.2135000000000007,2.26728,-0.0751454496852264,-0.04044321243061562,-0.03470223725461079,-80.28561994386664,36.06506431256399,0,0,100,0
2016-01-14,2.006,2.026,1.901,1.9509999999999998,2.2004500000000005,2.26058,-0.08239058426221924,-0.04883268679693634,-0.03355789746528289,-95.74089807734696,31.405442885622293,0,0,0,0
2016-01-15,1.9480000000000002,1.97,1.88,1.91,2.18405,2.25078,-0.09039870298479524,-0.05714589003450812,-0.03325281295028712,-96.46809637278267,29.385724699543204,0,0,0,0
2016-01-18,1.9069999999999998,1.935,1.858,1.8969999999999998,2.1687000000000003,2.2399999999999998,-0.09667972246277046,-0.0650526565201606,-0.03162706594260986,-94.01477113946609,28.754283972123122,0,0,0,0
2016-01-19,1.92,1.944,1.867,1.876,2.1475,2.2288799999999998,-0.10217419957556828,-0.07247696513124213,-0.029697234444326148,-85.64122738001589,27.718138184229264,0,0,0,0
2016-01-20,1.85,1.854,1.76,1.764,2.1183000000000005,2.2159999999999997,-0.11424908392803901,-0.08083138889060151,-0.033417695037437495,-124.83811123945527,22.965111268145368,0,0,0,0
2016-01-21,1.811,1.811,1.72,1.726,2.0872,2.2035199999999997,-0.12543881857538142,-0.08975287482755749,-0.035685943747823926,-131.99925781612384,21.611067521839164,0,0,0,0
2016-01-22,1.764,1.905,1.75,1.857,2.0626500000000005,2.19398,-0.12232606003896462,-0.09626751186983892,-0.0260585481691257,-80.186768067427,35.68854548543648,0,0,0,0
2016-01-25,1.87,1.882,1.811,1.828,2.0372500000000007,2.1845399999999997,-0.12080665024503134,-0.10117533954487741,-0.019631310700153934,-70.97821400492012,34.223322698930545,0,0,0,0
2016-01-26,1.81,1.926,1.784,1.8880000000000001,2.0136500000000006,2.17574,-0.11345319071707793,-0.10363090977931752,-0.009822280937760414,-43.190661478599246,39.73609461108448,0,0,0,100
2016-01-27,1.881,1.949,1.869,1.949,1.9948000000000004,2.1684399999999995,-0.10153292253173452,-0.10321131232980092,0.001678389798066407,21.744141375336408,44.80122682541171,0,0,0,0
2016-01-28,1.9469999999999998,1.97,1.8880000000000001,1.9069999999999998,1.97385,2.1603799999999995,-0.09438703808416626,-0.10144645748067399,0.007059419396507727,33.9372735224292,42.172946994398195,0,0,0,0
2016-01-29,1.9280000000000002,1.94,1.892,1.93,1.95405,2.1525399999999997,-0.08587801707157983,-0.09833276939885516,0.012454752327275331,37.40954355950152,44.1067158138718,0,0,0,0
2016-02-01,1.97,1.97,1.9080000000000001,1.9669999999999999,1.9395,2.1443599999999994,-0.0752811713543502,-0.09372244978995417,0.018441278435603975,68.61529377029817,47.16750344613264,0,0,0,0
2016-02-02,1.9580000000000002,1.9580000000000002,1.827,1.835,1.92125,2.1352599999999993,-0.07665080879692687,-0.09030812159134871,0.013657312794421839,-12.142237640936528,38.968763907112084,0,0,0,0
2016-02-03,1.84,1.841,1.733,1.749,1.9012,2.1238399999999995,-0.08371077193516308,-0.08898865166011158,0.005277879724948503,-126.11838516093815,34.73279175952067,0,0,0,0
2016-02-04,1.8,1.8,1.68,1.766,1.8861,2.1128399999999994,-0.08693198781913547,-0.08857731889191636,0.0016453310727808923,-127.97431548340204,36.208944866190905,0,0,0,0
2016-02-05,1.778,1.8319999999999999,1.764,1.7730000000000001,1.8742500000000004,2.1020199999999996,-0.08790664997530606,-0.08844318510859431,0.0005365351332882462,-67.9245283018869,36.84237101553119,0,0,0,0
2016-02-08,1.77,1.795,1.655,1.655,1.8590500000000003,2.0888799999999996,-0.09708159439993769,-0.09017086696686298,-0.0069107274330747065,-138.1053076760412,31.2154101054412,0,0,0,0
2016-02-09,1.6769999999999998,1.6769999999999998,1.556,1.6569999999999998,1.8459500000000002,2.0760199999999993,-0.10300405405570379,-0.09273750438463114,-0.010266549671072642,-166.05316973415162,31.406633540784046,0,0,0,0
2016-02-10,1.69,1.79,1.656,1.768,1.8326500000000003,2.0657799999999993,-0.09761562154605397,-0.09371312781691571,-0.0039024937291382567,-71.33770793760466,41.18016339734877,0,0,0,0
2016-02-11,1.719,1.804,1.6680000000000001,1.756,1.8229000000000002,2.0553799999999995,-0.09323875138554705,-0.09361825253064197,0.0003795011450949265,-58.2548291940242,40.50818538080266,0,0,0,0
2016-02-12,1.808,1.85,1.774,1.7919999999999998,1.8170000000000006,2.0456199999999995,-0.08587523486223758,-0.0920696489969611,0.006194414134723519,-6.271256739941992,43.48750710640765,0,0,0,0
2016-02-15,1.825,1.876,1.824,1.8619999999999999,1.8152500000000007,2.0362599999999995,-0.07354341724583002,-0.08836440264673488,0.01482098540090486,34.39957462289755,48.85133364428376,0,0,0,0
2016-02-16,1.889,1.8969999999999998,1.814,1.8940000000000001,1.8161500000000008,2.0279799999999994,-0.060490928603393,-0.08278970783806651,0.022298779234673508,52.20633934120578,51.134659076673884,0,0,0,0
2016-02-17,1.8730000000000002,1.9480000000000002,1.8730000000000002,1.9180000000000001,1.8238500000000006,2.0204599999999995,-0.047660734611701505,-0.0757639131927935,0.028103178581092,92.46348239089559,52.83523913901471,0,0,0,0
2016-02-18,1.95,1.964,1.893,1.8940000000000001,1.8322500000000006,2.0138599999999998,-0.03897997596166736,-0.06840712574656828,0.02942714978490092,96.58719448193128,50.92659283904567,0,0,0,0
2016-02-19,1.9,1.9140000000000001,1.837,1.837,1.8312500000000007,2.0071199999999996,-0.03628160407390091,-0.06198202141203481,0.0257004173381339,59.096122963982445,46.61919628163162,0,0,0,0
2016-02-22,1.868,1.909,1.867,1.906,1.8351500000000005,2.0022399999999996,-0.02824975596725876,-0.0552355683230796,0.026985812355820836,86.02875112309059,51.92057047536912,0,0,0,0
2016-02-23,1.895,1.92,1.84,1.864,1.8339500000000004,1.9961999999999998,-0.024985490288638612,-0.0491855527161914,0.024200062427552786,58.75229754568051,48.74708246115645,0,0,0,0
2016-02-24,1.859,1.868,1.7369999999999999,1.8,1.8265000000000005,1.9889199999999996,-0.027248695351957508,-0.04479818124334462,0.017549485891387114,-11.582307341541116,44.303336642212884,0,0,0,0
2016-02-25,1.83,1.85,1.785,1.7890000000000001,1.8206000000000007,1.9804599999999997,-0.02958882814684305,-0.04175631062404431,0.012167482477201258,-6.901359358661816,43.56820079357206,0,0,0,0
2016-02-26,1.797,1.85,1.7930000000000001,1.83,1.8156000000000005,1.9722999999999997,-0.027814415628342193,-0.03896793162490388,0.01115351599656169,0.5591054313103386,47.09213093835874,0,0,0,0
2016-02-29,1.845,1.9669999999999999,1.82,1.9669999999999999,1.8156000000000005,1.9675599999999998,-0.015178458063951572,-0.03421003691271342,0.019031578848761846,99.13860252004577,56.79971937161974,0,0,0,0
2016-03-01,1.962,1.9980000000000002,1.95,1.965,1.8221000000000007,1.9608599999999998,-0.005265061589697417,-0.02842104184811022,0.0231559802584128,155.3537101114958,56.63634631819288,0,0,0,0
2016-03-02,1.996,2.066,1.995,2.05,1.8371500000000005,1.9548999999999999,0.009342471962378696,-0.020868339086012436,0.030210811048391132,202.19736316420324,61.68090412375308,0,0,0,0
2016-03-03,2.084,2.088,2.0380000000000003,2.042,1.8509500000000005,1.94878,0.02004247720161345,-0.012686175828487259,0.03272865303010071,176.66474099749698,60.96209617326834,0,0,0,0
2016-03-04,2.086,2.088,2.04,2.0540000000000003,1.8650000000000007,1.9428999999999998,0.02915453284828895,-0.004318034093132016,0.033472566941420964,144.51293451899758,61.683411105591944,0,0,0,0
2016-03-07,2.0780000000000003,2.108,2.052,2.096,1.8870500000000008,1.9381,0.0393117897469859,0.004407930674891567,0.03490385907209434,129.52137480471512,64.17822558194337,0,0,0,0
2016-03-08,2.076,2.096,2.0,2.0,1.9042000000000008,1.9309,0.03916363729158334,0.011359071998229924,0.027804565293353418,71.39806785928182,55.31307978697543,0,0,0,0
2016-03-09,2.004,2.08,2.004,2.022,1.9169000000000007,1.9248200000000002,0.04035623992861459,0.017158505584306857,0.023197734344307733,63.57547655847512,56.78626093713922,0,0,0,0
2016-03-10,2.064,2.07,1.99,1.99,1.9286000000000008,1.9181000000000004,0.038278008491204885,0.021382406165686464,0.01689560232551842,43.42072031115816,53.99780481883555,0,0,0,-100
2016-03-11,2.0,2.07,1.8719999999999999,1.9,1.9340000000000006,1.9095800000000005,0.029034060687066487,0.02291273706996247,0.006121323617104019,-11.445559271646173,47.00653596875646,0,0,0,0
2016-03-14,1.881,1.9580000000000002,1.879,1.935,1.9376500000000008,1.9031200000000006,0.02425280174437061,0.023180750004844097,0.0010720517395265139,-34.007465596969006,49.732245675102185,0,0,0,0
2016-03-15,1.935,1.935,1.876,1.899,1.9379000000000008,1.8971000000000007,0.017358621071382307,0.02201632421815174,-0.0046577031467694326,-63.1180352699341,47.051533341418896,0,0,0,0
2016-03-16,1.896,1.926,1.8880000000000001,1.9,1.9370000000000007,1.8921000000000006,0.011839150503412998,0.019980889475203992,-0.008141738971790994,-75.26573510091929,47.13677423335611,0,0,0,0
2016-03-17,1.92,1.92,1.854,1.8869999999999998,1.9366500000000009,1.8884800000000006,0.00634282284470844,0.017253276149104883,-0.010910453304396443,-104.5204251504676,46.09780454947918,0,0,0,-100
2016-03-18,1.9,1.9,1.86,1.869,1.9382500000000007,1.8856600000000006,0.0005284029087466724,0.01390830150103324,-0.013379898592286568,-107.62463343108492,44.63093060163642,0,0,0,0
2016-03-21,1.869,1.925,1.864,1.9040000000000001,1.938150000000001,1.8845600000000005,-0.0012410531995850071,0.010878430560909591,-0.012119483760494598,-74.3554952510172,48.089884480148726,0,0,0,0
2016-03-22,1.925,1.925,1.87,1.92,1.9409500000000013,1.8845800000000006,-0.0013368828776276764,0.008435367873202138,-0.009772250750829815,-58.97235263432446,49.63873947420907,0,0,0,0
2016-03-23,1.9280000000000002,1.9280000000000002,1.864,1.8840000000000001,1.9451500000000013,1.8815800000000005,-0.0042685228489984794,0.005894589728762015,-0.010163112577760494,-64.28546562227993,46.29192809869253,0,0,0,0
2016-03-24,1.871,1.92,1.8519999999999999,1.874,1.9494000000000014,1.8800400000000004,-0.007314468435126731,0.0032527780959842652,-0.010567246531110996,-68.94747119703196,45.37670777056362,0,0,0,0
2016-03-25,1.874,1.874,1.874,1.874,1.9516000000000016,1.8793200000000005,-0.00961753727400061,0.0006787150219872903,-0.0102962522959879,-76.38112059660487,45.37670777056362,0,0,0,0
2016-03-28,1.874,1.874,1.874,1.874,1.9469500000000017,1.8788600000000002,-0.011312334372559851,-0.001719494856922138,-0.009592839515637714,-74.59505541346967,45.376707770563605,0,0,0,0
2016-03-29,1.8559999999999999,1.891,1.82,1.8219999999999998,1.9398000000000017,1.8777800000000002,-0.016659399513909046,-0.00470747578831952,-0.011951923725589526,-142.55337031433837,40.21318334694445,0,0,0,0
2016-03-30,1.8619999999999999,1.8880000000000001,1.844,1.883,1.931450000000002,1.8801600000000003,-0.015792747992015688,-0.006924530229058754,-0.008868217762956935,-70.52896725440635,47.72762414121496,0,0,0,0
2016-03-31,1.875,1.89,1.845,1.865,1.922600000000002,1.88294,-0.0163696706117058,-0.008813558305588163,-0.007556112306117637,-79.92087042532134,45.894551317412855,0,0,0,0
2016-04-01,1.858,1.867,1.824,1.8519999999999999,1.9125000000000019,1.8828400000000003,-0.01767216359736956,-0.010585279363944444,-0.007086884233425118,-141.01382488479368,44.56335141155949,0,0,0,0
2016-04-04,1.847,1.912,1.83,1.857,1.900550000000002,1.88342,-0.018092382733175816,-0.012086700037790717,-0.0060056826953850985,-52.77647426873188,45.22146955279477,0,0,0,0
2016-04-05,1.84,1.847,1.757,1.757,1.8884000000000019,1.8808,-0.02619264122723286,-0.014907888275679146,-0.011284752951553715,-284.80573678951646,36.01311112727999,0,0,0,0
2016-04-06,1.765,1.78,1.7080000000000002,1.732,1.873900000000002,1.8764600000000002,-0.03423480795360545,-0.018773272211264406,-0.015461535742341045,-256.1588627537205,34.14138063496496,0,0,0,0
2016-04-07,1.73,1.764,1.672,1.7,1.859400000000002,1.8723200000000002,-0.04269821712152022,-0.02355826119331557,-0.019139955928204652,-206.58660844250448,31.85889508340221,0,0,0,0
2016-04-08,1.7,1.778,1.7,1.75,1.8519000000000019,1.8687200000000002,-0.04485389989271815,-0.027817388933196085,-0.017036510959522067,-120.20480504135584,38.74927118169113,0,0,0,0
2016-04-11,1.751,1.7819999999999998,1.734,1.777,1.8440000000000019,1.8649200000000001,-0.04387782343262847,-0.031029475833082562,-0.012848347599545909,-74.95352583963376,42.15106189175125,0,0,0,0
2016-04-12,1.777,1.8030000000000002,1.735,1.8030000000000002,1.8392000000000017,1.8642800000000002,-0.040538984913383036,-0.032931377649142654,-0.007607607264240382,-46.09089398471316,45.301466129705474,0,0,0,0
2016-04-13,1.7930000000000001,1.865,1.7930000000000001,1.845,1.8364500000000017,1.8662000000000003,-0.034110675704135174,-0.03316723726014116,-0.000943438443994013,25.376344086021323,50.035118680815046,0,0,0,0
2016-04-14,1.87,1.87,1.82,1.857,1.8349500000000016,1.8680200000000002,-0.027728260503680158,-0.03207944190884896,0.004351181405168804,48.02804161013119,51.33107128212353,0,0,0,0
2016-04-15,1.8259999999999998,1.849,1.805,1.825,1.8327500000000019,1.8690600000000004,-0.02496450773405101,-0.030656455073889373,0.005691947339838362,23.800605100129136,47.7726527225424,0,0,0,0
2016-04-18,1.787,1.8459999999999999,1.746,1.8330000000000002,1.8292000000000015,1.8726200000000004,-0.02187650191472268,-0.028900464442056035,0.007023962527333356,2.1157624301038114,48.72955693226939,0,0,0,100
2016-04-19,1.807,1.849,1.805,1.805,1.8234500000000016,1.8755800000000005,-0.02144143750453975,-0.027408659054552777,0.005967221550013026,26.259012305523353,45.58170842212715,0,0,0,0
2016-04-20,1.839,1.92,1.818,1.919,1.8252000000000013,1.8786000000000005,-0.011762211114743515,-0.024279369466590924,0.01251715835184741,125.78586497890261,57.593015195753914,0,0,0,0
2016-04-21,1.9,1.9280000000000002,1.89,1.9280000000000002,1.827900000000001,1.8820400000000004,-0.0033267806257037957,-0.0200888516984135,0.016762071072709703,149.3789862369923,58.374158516062025,0,0,0,0
2016-04-22,1.899,2.0,1.899,1.965,1.832450000000001,1.8855000000000004,0.006271653867141458,-0.014816750585302508,0.021088404452443966,172.8713164519471,61.512879068918146,0,0,0,0
2016-04-25,1.98,1.992,1.9269999999999998,1.95,1.836250000000001,1.8872600000000006,0.012523741816041545,-0.009348652105033696,0.02187239392107524,139.95852312705978,59.55239605731175,0,0,0,0
2016-04-26,1.973,1.982,1.95,1.982,1.844250000000001,1.8890200000000004,0.01983208716841567,-0.0035125042503438226,0.02334459141875949,127.07567714713448,62.311980852880886,0,0,0,0
2016-04-27,1.962,1.9980000000000002,1.9509999999999998,1.97,1.8486000000000007,1.8900600000000003,0.024374727120635598,0.002064942023852062,0.022309785096783535,107.29943952508839,60.641143120929954,0,0,0,0
2016-04-28,1.982,1.986,1.9480000000000002,1.963,1.8535000000000008,1.89144,0.027097596289803683,0.007071472877042386,0.020026123412761297,86.20078041858794,59.63658069711407,0,0,0,0
2016-04-29,1.9969999999999999,1.9969999999999999,1.913,1.933,1.857550000000001,1.8933600000000002,0.02652893143613433,0.010962964588860775,0.015565966847273554,59.0432916824433,55.40079984623421,0,0,0,0
2016-05-02,1.91,1.98,1.9,1.9140000000000001,1.860400000000001,1.89352,0.024265402773730793,0.01362345222583478,0.010641950547896014,33.90651489464777,52.8409842779468,0,0,0,0
2016-05-03,1.952,1.952,1.82,1.8330000000000002,1.864200000000001,1.8929,0.015753915613457625,0.014049544903359348,0.0017043707100982772,-46.01273885350329,43.593379148764996,0,0,0,-100
2016-05-04,1.8430000000000002,1.86,1.819,1.83,1.8691000000000009,1.8935,0.008666523500839407,0.01297294062285536,-0.004306417122015953,-83.22086145130423,43.29119003014274,0,0,0,0
2016-05-05,1.8430000000000002,1.89,1.81,1.831,1.875650000000001,1.89434,0.0030947316917984136,0.01099729883664397,-0.007902567144845557,-77.77777777777811,43.431954448405776,0,0,0,0
2016-05-06,1.828,1.86,1.8,1.811,1.878700000000001,1.89396,-0.0029013414542227167,0.008217570778470632,-0.011118912232693349,-106.82435392028029,41.227775078885756,0,0,0,0
2016-05-09,1.83,1.8559999999999999,1.69,1.73,1.8763500000000009,1.8892200000000003,-0.01402759430134215,0.0037685377625080755,-0.017796132063850226,-168.692559737873,33.755937246340125,0,0,0,0
2016-05-10,1.734,1.8119999999999998,1.734,1.794,1.8759000000000008,1.8858000000000001,-0.017479472237958982,-0.0004810642375853366,-0.016998408000373645,-116.98231009365257,42.6066589457428,0,0,0,0
2016-05-11,1.794,1.81,1.765,1.8,1.8736500000000007,1.8808,-0.019506106265359868,-0.004286072643140243,-0.015220033622219626,-88.13899097895082,43.370547578040345,0,0,0,0
2016-05-12,1.7819999999999998,1.818,1.78,1.795,1.8705500000000008,1.87586,-0.0212704935373651,-0.007682956821985214,-0.013587536715379885,-72.25201072386079,42.8586180961754,0,0,0,0
2016-05-13,1.795,1.811,1.7819999999999998,1.791,1.8688500000000006,1.8706,-0.02272953776999187,-0.010692273011586545,-0.012037264758405325,-66.74294431731482,42.42716467621982,0,0,0,0
2016-05-16,1.791,1.828,1.703,1.804,1.8674000000000006,1.86476,-0.022576600484784937,-0.013069138506226223,-0.009507461978558713,-75.41729893778451,44.38665365184083,0,0,0,0
2016-05-17,1.849,1.849,1.755,1.815,1.8679000000000006,1.86106,-0.021322001751534314,-0.014719711155287842,-0.006602290596246473,-39.269759450171506,46.05956776465685,0,0,0,0
2016-05-18,1.767,1.8030000000000002,1.7619999999999998,1.774,1.8606500000000008,1.8560999999999999,-0.023366723521761834,-0.01644911362858264,-0.0069176098931791954,-67.69167054925695,41.09726363165508,0,0,0,0
2016-05-19,1.7619999999999998,1.814,1.75,1.788,1.8536500000000007,1.8520599999999998,-0.02358561694833039,-0.01787641429253219,-0.0057092026557982005,-55.07818930041141,43.341941729556986,0,0,0,0
2016-05-20,1.788,1.81,1.7830000000000001,1.798,1.8453000000000006,1.8500199999999998,-0.022690611889962797,-0.01883925381201831,-0.003851358077944487,-16.661828737300233,44.9555163276357,0,0,0,0
2016-05-23,1.8,1.814,1.774,1.788,1.8372000000000004,1.8470799999999996,-0.022528535426683982,-0.019577110134951444,-0.002951425291732538,-20.906519307940275,43.61776481286516,0,0,0,0
2016-05-24,1.79,1.8,1.776,1.778,1.8270000000000004,1.8446599999999997,-0.022942537793896323,-0.02025019566674042,-0.002692342127155904,-41.92277383766708,42.26338212682017,0,0,0,0
2016-05-25,1.8019999999999998,1.827,1.7919999999999998,1.8,1.8185000000000002,1.8426599999999995,-0.02125045944577053,-0.02045024842254644,-0.0008002110232240914,88.11764705882243,46.219847595435596,0,0,0,0
2016-05-26,1.824,1.84,1.7819999999999998,1.786,1.8096500000000002,1.8406399999999996,-0.020799395675064947,-0.02052007787305014,-0.0002793178020148064,85.08713876020197,44.14663570634444,0,0,0,0
2016-05-27,1.829,1.829,1.79,1.81,1.8035000000000003,1.8394599999999997,-0.018294438069240693,-0.02007494991228825,0.0017805118430475574,124.0143369175635,48.418132934369886,0,0,0,0
2016-05-30,1.81,1.84,1.78,1.828,1.7992000000000004,1.83794,-0.014687483385825706,-0.01899745660699574,0.004309973221170035,144.55782312925186,51.41897677315067,0,0,0,0
2016-05-31,1.798,1.835,1.757,1.757,1.7954000000000003,1.8346799999999999,-0.017357960675049577,-0.018669557420606508,0.0013115967455569304,-81.33971291866253,41.230007009276534,0,0,0,0
2016-06-01,1.776,1.776,1.722,1.735,1.7906500000000005,1.8316999999999999,-0.021007389198800075,-0.01913712377624522,-0.0018702654225548551,-233.33333333333306,38.67282435689261,0,0,0,0
2016-06-02,1.736,1.797,1.73,1.73,1.7856,1.8288200000000001,-0.02402608802283468,-0.020114916625563112,-0.003911171397271568,-150.1241927471441,38.0945378526454,0,0,0,0
2016-06-03,1.7409999999999999,1.742,1.692,1.7069999999999999,1.7804000000000002,1.82548,-0.027952121710920652,-0.02168235764263462,-0.006269764068286034,-224.66306542260315,35.467252591983176,0,0,0,0
2016-06-06,1.7069999999999999,1.7069999999999999,1.66,1.686,1.7782000000000004,1.8217200000000002,-0.032384745008299465,-0.023822835115767587,-0.008561909892531878,-206.10208816705514,33.214816295866676,0,0,0,0
2016-06-07,1.686,1.726,1.686,1.7009999999999998,1.7735500000000006,1.8193000000000001,-0.03429195989931366,-0.025916660072476803,-0.008375299826836859,-122.32316470625868,36.325440629865454,0,0,0,0
2016-06-08,1.7,1.7080000000000002,1.662,1.692,1.7681500000000008,1.81548,-0.03611337373245216,-0.027956002804471875,-0.008157370927980283,-121.34406835359958,35.26414415401577,0,0,0,0
2016-06-09,1.692,1.723,1.661,1.714,1.7641000000000004,1.8124600000000002,-0.035373873188814686,-0.029439576881340437,-0.0059342963074742495,-86.4549105512963,39.88748175997004,0,0,0,0
2016-06-10,1.7180000000000002,1.7180000000000002,1.676,1.695,1.7593000000000008,1.8093199999999998,-0.03590704087469643,-0.030733069680011636,-0.005173971194684792,-78.47111111111096,37.403016405485786,0,0,0,0
2016-06-13,1.69,1.69,1.601,1.6159999999999999,1.7499000000000007,1.8045,-0.04221756210010574,-0.033029968164030456,-0.009187593936075288,-138.07692307692378,29.24615214790116,0,0,0,0
2016-06-14,1.679,1.679,1.564,1.62,1.7401500000000005,1.8017599999999998,-0.046361502523430964,-0.03569627503591056,-0.010665227487520405,-135.56797020484186,30.077629329065157,0,0,0,0
2016-06-15,1.59,1.64,1.56,1.609,1.7319000000000007,1.7992999999999997,-0.04995733615967235,-0.038548487260662914,-0.011408848899009436,-141.7987286238698,29.066041628941107,0,0,0,0
2016-06-16,1.6,1.624,1.58,1.607,1.7228500000000007,1.7974399999999997,-0.05236481452242936,-0.0413117527130162,-0.011053061809413157,-126.34003350083813,28.875882492293464,0,0,0,0
2016-06-17,1.67,1.716,1.626,1.694,1.7176500000000008,1.7963199999999997,-0.04671409455567277,-0.04239222108154751,-0.004321873474125257,-12.105837424986493,45.56059171200342,0,0,0,0
2016-06-20,1.695,1.75,1.695,1.74,1.715250000000001,1.7955799999999997,-0.03808502227908939,-0.041530781321055886,0.0034457590419664993,79.68082913759085,51.97546630372408,0,0,0,0
2016-06-21,1.723,1.765,1.695,1.695,1.7111000000000012,1.7934199999999996,-0.03448007935835795,-0.0401206409285163,0.005640561570158346,67.923032354466,46.23573095949804,0,0,0,0
2016-06-22,1.724,1.736,1.6880000000000002,1.693,1.7057500000000012,1.7903799999999996,-0.03142230266139334,-0.038380973275091705,0.006958670613698363,54.34472934472914,45.99263155333399,0,0,0,0
2016-06-23,1.695,1.7480000000000002,1.69,1.736,1.703250000000001,1.7879599999999995,-0.025238320318627272,-0.03575244268379882,0.010514122365171547,87.89157396752336,51.853885733949376,0,0,0,0
2016-06-24,1.577,1.65,1.547,1.619,1.6937000000000009,1.7838399999999996,-0.029439037054994177,-0.03448976155803789,0.00505072450304371,-106.72850052884262,39.34258375299822,0,0,0,0
2016-06-27,1.6159999999999999,1.67,1.4580000000000002,1.464,1.6755000000000007,1.7764599999999995,-0.04475938165408544,-0.036543685577247395,-0.008215696076838044,-167.55779071819356,29.267695322281313,0,0,0,0
2016-06-28,1.525,1.538,1.464,1.5319999999999998,1.6642500000000005,1.7709999999999995,-0.050827920794067616,-0.03940053262061144,-0.011427388173456177,-150.93840867036786,36.90177059869429,0,0,0,0
2016-06-29,1.5319999999999998,1.544,1.507,1.53,1.6540000000000006,1.7632199999999996,-0.055162782846257974,-0.04255298266574074,-0.01260980018051723,-113.78747961359947,36.77604912409914,0,0,0,0
2016-06-30,1.515,1.645,1.506,1.578,1.6464000000000005,1.7562199999999997,-0.0541013467578455,-0.0448626554841617,-0.009238691273683805,-53.97646023539803,41.8927335442914,0,0,0,100
2016-07-01,1.578,1.58,1.548,1.558,1.6389500000000006,1.7480799999999996,-0.05424863931811674,-0.04673985225095271,-0.007508787067164034,-61.33982432003402,40.42472848026257,0,0,0,0
2016-07-04,1.551,1.5659999999999998,1.51,1.511,1.6302000000000008,1.7392999999999994,-0.05749510910957589,-0.04889090362267735,-0.008604205486898546,-82.71032646217607,37.13176445099471,0,0,0,0
2016-07-05,1.544,1.544,1.456,1.501,1.6202000000000005,1.7296799999999997,-0.06018114545206288,-0.05114895198855445,-0.009032193463508427,-96.0369114187065,36.45140107658079,0,0,0,0
2016-07-06,1.5,1.568,1.4509999999999998,1.501,1.6106500000000004,1.7202999999999997,-0.06159976486054064,-0.05323911456295169,-0.00836065029758895,-78.15533980582521,36.45140107658078,0,0,0,0
2016-07-07,1.51,1.517,1.486,1.489,1.5994000000000006,1.71082,-0.06296649214797423,-0.0551845900799562,-0.007781902068018029,-77.00723024774891,35.5449917405891,0,0,0,-100
2016-07-08,1.485,1.5490000000000002,1.485,1.5030000000000001,1.5898000000000005,1.7022199999999998,-0.06220291390139976,-0.056588254844244915,-0.005614659057154844,-59.08577402330253,37.49770110352108,0,0,0,0
2016-07-11,1.501,1.518,1.46,1.5,1.5840000000000005,1.6939399999999998,-0.0611351199600505,-0.05749762786740603,-0.0036374920926444676,-74.60815047021963,37.23736298556719,0,0,0,0
2016-07-12,1.51,1.5719999999999998,1.5090000000000001,1.5430000000000001,1.5801500000000004,1.68814,-0.056171633311300706,-0.057232428956184966,0.0010607956448842604,-4.375237784662673,43.31245236079834,0,0,0,0
2016-07-13,1.54,1.54,1.46,1.462,1.5728000000000004,1.68078,-0.05810426760859011,-0.057406796686666,-0.0006974709219241121,-102.04135043182501,36.203531604019474,0,0,0,0
2016-07-14,1.489,1.527,1.475,1.508,1.5678500000000004,1.6743199999999998,-0.055286767213490906,-0.05698279079203098,0.0016960235785400748,-52.26244343891442,42.02325354363151,0,0,0,0
2016-07-15,1.504,1.506,1.479,1.5,1.5581500000000004,1.6681,-0.05308745189296027,-0.056203723012216836,0.0031162711192565667,-69.687300574346,41.317334765601,0,0,0,0
2016-07-18,1.5,1.508,1.479,1.492,1.5457500000000004,1.66334,-0.05139753303051653,-0.05524248501587677,0.003844951985360244,-68.82673595190818,40.58316639021185,0,0,0,0
2016-07-19,1.492,1.5,1.46,1.49,1.5355000000000003,1.65726,-0.0496473398131545,-0.054123455975332316,0.004476116162177815,-87.62366242681213,40.38994228765825,0,0,0,0
2016-07-20,1.49,1.5119999999999998,1.479,1.493,1.5255000000000003,1.65112,-0.04747100792133918,-0.05279296636453369,0.0053219584431945105,-49.468954248366835,40.84491296794227,0,0,0,0
2016-07-21,1.504,1.5090000000000001,1.485,1.485,1.5129500000000002,1.64492,-0.04586310107822067,-0.05140699330727109,0.005543892229050419,-51.64156044804905,39.968842866715065,0,0,0,-100
2016-07-22,1.485,1.495,1.475,1.493,1.50665,1.63896,-0.043442511943831974,-0.04981409703458327,0.006371585090751294,-78.42863784286466,41.32417206196513,0,0,0,0
2016-07-25,1.495,1.495,1.469,1.474,1.5071500000000002,1.6323599999999998,-0.04256663712978015,-0.048364605053622646,0.005797967923842497,-116.89467969598134,39.06817023177554,0,0,0,-100
2016-07-26,1.48,1.48,1.452,1.474,1.5042500000000003,1.62554,-0.04139532054179318,-0.04697074815125675,0.005575427609463571,-164.08458187227788,39.06817023177554,0,0,0,0
2016-07-27,1.474,1.6369999999999998,1.474,1.621,1.5088000000000001,1.62248,-0.02827938508919048,-0.0432324755388435,0.014953090449653018,271.61787736416994,59.10220059030207,0,0,0,0
2016-07-28,1.624,1.6869999999999998,1.598,1.629,1.5113500000000002,1.6193,-0.017042918451519506,-0.0379945641213787,0.020951645669859194,262.9877369007803,59.87540112708373,0,0,0,0
2016-07-29,1.6269999999999998,1.67,1.589,1.639,1.5154,1.61612,-0.007247476858454949,-0.03184514666879395,0.024597669810339,169.70996732026126,60.871226388591126,0,0,0,0
2016-08-01,1.6369999999999998,1.682,1.6130000000000002,1.66,1.5228500000000003,1.6135599999999999,0.0021848204222474354,-0.025039153250585672,0.027223973672833107,148.70259481037917,62.95071363176399,0,0,0,0
2016-08-02,1.69,1.69,1.604,1.6280000000000001,1.5292000000000001,1.6105599999999998,0.0069971921330853615,-0.018631884173851466,0.025629076306936827,106.456241032999,57.90105662255153,0,0,0,-100
2016-08-03,1.642,1.643,1.601,1.6340000000000001,1.5358500000000002,1.60724,0.01116646122695486,-0.0126722150936902,0.023838676320645062,76.11395899053628,58.57208403874169,0,0,0,0
2016-08-04,1.64,1.6569999999999998,1.614,1.64,1.5434,1.60432,0.01478436195603261,-0.0071808996837456375,0.021965261639778248,74.06177349717687,59.271209731835796,0,0,0,0
2016-08-05,1.6540000000000001,1.6880000000000002,1.64,1.681,1.5523000000000002,1.6017399999999997,0.020721072077605873,-0.0016005053314753354,0.02232157740908121,90.65293371686627,63.77047967230266,0,0,0,0
2016-08-08,1.69,1.726,1.63,1.63,1.5588000000000002,1.5977799999999995,0.021067827049463972,0.002933161144712526,0.018134665904751445,74.61018794224039,55.55002562996643,0,0,0,-100
2016-08-09,1.63,1.673,1.6019999999999999,1.669,1.5651000000000002,1.5960199999999996,0.024210523086680924,0.007188633533106206,0.01702188955357472,54.80444146973509,59.815912617221855,0,0,0,0
2016-08-10,1.663,1.68,1.6440000000000001,1.68,1.576,1.5949199999999997,0.02727433880715946,0.011205774587916856,0.016068564219242604,70.05127019004645,60.95413122904589,0,0,0,0
2016-08-11,1.69,1.706,1.661,1.681,1.5846500000000003,1.5939399999999995,0.029443717633093724,0.01485336319695223,0.014590354436141494,87.12481936844102,61.06210940629039,0,0,0,0
2016-08-12,1.704,1.73,1.693,1.713,1.5953000000000004,1.5940599999999996,0.03336053901941738,0.01855479836144526,0.014805740657972119,144.96200209643587,64.45004124705427,0,0,0,0
2016-08-15,1.713,1.713,1.713,1.713,1.6063500000000002,1.5945999999999991,0.036049096640959455,0.0220536580173481,0.013995438623611356,150.63599930301353,64.45004124705426,0,0,0,0
2016-08-16,1.73,1.733,1.681,1.6880000000000002,1.6162500000000002,1.5943399999999994,0.0357503985194787,0.02479300611777422,0.010957392401704479,104.62962962962884,59.74038049059152,0,0,0,-100
2016-08-17,1.6909999999999998,1.7,1.655,1.6569999999999998,1.6244500000000002,1.5936399999999995,0.03263602935285426,0.02636161076479023,0.006274418588064028,15.620641562063717,54.42904751646039,0,0,0,0
2016-08-18,1.6840000000000002,1.6840000000000002,1.6469999999999998,1.651,1.6327500000000004,1.5923799999999995,0.029345443488942413,0.026958377309620665,0.0023870661793217486,-21.406727828746657,53.4387491373537,0,0,0,0
2016-08-19,1.65,1.679,1.6269999999999998,1.651,1.6406500000000004,1.5914999999999995,0.02643292814269871,0.026853287476236273,-0.00042035933353756424,-48.4291187739468,53.4387491373537,0,0,0,0
2016-08-22,1.67,1.71,1.6669999999999998,1.705,1.6522000000000006,1.5932799999999994,0.02815750525726335,0.027114131032441688,0.001043374224821661,72.71741487746603,60.86993004793406,0,0,0,0
2016-08-23,1.716,1.746,1.716,1.7180000000000002,1.6644000000000005,1.5952399999999995,0.030224823449503058,0.02773626951585396,0.0024885539336490965,141.97419741974176,62.42471302551914,0,0,0,0
2016-08-24,1.736,1.77,1.703,1.758,1.6712500000000006,1.5982199999999995,0.03469095794827237,0.029127207202337642,0.00556375074593473,154.66155810983417,66.7963696763987,0,0,0,0
2016-08-25,1.754,1.755,1.703,1.72,1.6758000000000006,1.6004799999999995,0.034763388590347555,0.030254443479939625,0.00450894511040793,90.34379671150995,59.691377135353285,0,0,0,0
2016-08-26,1.7069999999999999,1.75,1.693,1.75,1.6813500000000006,1.6015999999999995,0.036817134665018125,0.03156698171695532,0.005250152948062803,89.32153392330392,63.034340145648336,0,0,0,0
2016-08-29,1.755,1.768,1.715,1.75,1.6858500000000007,1.6017999999999994,0.038006626493719775,0.03285491067230821,0.005151715821411565,107.8875793291035,63.034340145648336,0,0,0,0
2016-08-30,1.735,1.7690000000000001,1.732,1.761,1.6925000000000008,1.6031199999999997,0.03938293346499622,0.03416051523084581,0.005222418234150407,114.9422358137958,64.29361432677014,0,0,0,100
2016-08-31,1.766,1.768,1.73,1.7530000000000001,1.6984500000000007,1.6043199999999995,0.039374251650868386,0.03520326251485033,0.004170989136018058,93.88137179814476,62.62276959951273,0,0,0,0
2016-09-01,1.768,1.798,1.733,1.734,1.7031500000000008,1.6042799999999995,0.0374030707235502,0.035643224156590304,0.001759846566959898,89.50891119931482,58.71974987495898,0,0,0,0
2016-09-02,1.744,1.786,1.739,1.786,1.708400000000001,1.6076199999999994,0.03958060053008383,0.03643069943128901,0.003149901098794823,106.07200429876384,65.12600963289096,0,0,0,0
2016-09-05,1.7919999999999998,1.81,1.7530000000000001,1.756,1.714700000000001,1.6134599999999995,0.03844241903343537,0.03683304335171828,0.0016093756817170887,100.19226660969832,59.39880709636984,0,0,0,0
2016-09-06,1.784,1.7930000000000001,1.755,1.77,1.7197500000000012,1.6182199999999995,0.03822940026502497,0.03711231473437962,0.0011170855306453509,92.09092324458983,61.11725531642405,0,0,0,0
2016-09-07,1.781,1.79,1.76,1.787,1.7251000000000012,1.6233599999999995,0.03898296789359201,0.0374864453662221,0.0014965225273699118,101.99772468714444,63.156476717271815,0,0,0,0
2016-09-08,1.79,1.8,1.76,1.765,1.7293000000000014,1.6270999999999995,0.03737413378043408,0.037463983049064495,-8.984926863041254e-05,89.517291066283,58.85470743005234,0,0,0,-100
2016-09-09,1.765,1.7919999999999998,1.7209999999999999,1.744,1.7308500000000013,1.6308199999999993,0.03401252148345346,0.03677369073594229,-0.0027611692524888293,-6.731813246471929,55.003467410558116,0,0,0,0
2016-09-12,1.734,1.736,1.65,1.665,1.7284500000000012,1.6338999999999997,0.02468917827090822,0.034356788242935477,-0.009667609972027258,-249.54441913439692,43.47752019965601,0,0,0,0
2016-09-13,1.679,1.716,1.65,1.696,1.7288500000000009,1.6377999999999995,0.019576140958846633,0.03140065878611771,-0.011824517827271078,-171.8645402638315,48.07560803846417,0,0,0,0
2016-09-14,1.7009999999999998,1.706,1.6569999999999998,1.7009999999999998,1.731050000000001,1.6417999999999993,0.01574597051824167,0.028269721132542502,-0.012523750614300833,-140.5017921146945,48.799088394232356,0,0,0,0
2016-09-15,1.712,1.712,1.65,1.685,1.7327500000000011,1.6457199999999992,0.011289330195622505,0.0248736429451585,-0.013584312749535997,-123.0083405234386,46.563285067560265,0,0,0,-100
2016-09-16,1.69,1.6909999999999998,1.645,1.663,1.7333500000000008,1.648919999999999,0.005914021336640207,0.021081718623454843,-0.015167697286814635,-119.89065192844852,43.604964661078576,0,0,0,0
2016-09-19,1.6769999999999998,1.705,1.661,1.6909999999999998,1.732650000000001,1.6527399999999992,0.0038688189959943386,0.017639138697962742,-0.013770319701968403,-72.1789130314585,48.12249149562234,0,0,0,0
2016-09-20,1.679,1.7109999999999999,1.665,1.679,1.730700000000001,1.655459999999999,0.0012650984271578292,0.01436433064380176,-0.01309923221664393,-62.95677981821573,46.40676117940949,0,0,0,0
2016-09-21,1.699,1.709,1.6840000000000002,1.699,1.7277500000000008,1.660199999999999,0.0008061709338853529,0.011652698701818478,-0.010846527767933125,-37.93976617639035,49.63009639815258,0,0,0,0
2016-09-22,1.71,1.735,1.7069999999999999,1.7180000000000002,1.727650000000001,1.6643999999999992,0.001953094739054917,0.009712777909265766,-0.007759683170210849,4.053973371544289,52.54981925294876,0,0,0,0
2016-09-23,1.7180000000000002,1.719,1.694,1.712,1.725750000000001,1.6686399999999992,0.0023507917973608627,0.008240380686884785,-0.005889588889523923,-9.463636672441476,51.533930596984746,0,0,0,0
2016-09-26,1.712,1.712,1.655,1.675,1.7220000000000009,1.672299999999999,-0.0003159787899760236,0.006529108791512623,-0.006845087581488647,-59.631766968948014,45.67057156731117,0,0,0,0
2016-09-27,1.6980000000000002,1.6980000000000002,1.63,1.6569999999999998,1.7168000000000005,1.6756399999999991,-0.003837625503245956,0.004455761932560908,-0.008293387435806864,-104.24083260383189,43.101361175483035,0,0,0,0
2016-09-28,1.663,1.706,1.651,1.6540000000000001,1.7118500000000008,1.6788599999999991,-0.006792333036397702,0.0022061429387691856,-0.008998475975166887,-82.10946094609396,42.67051274260941,0,0,0,0
2016-09-29,1.69,1.69,1.65,1.6540000000000001,1.707850000000001,1.682239999999999,-0.009029869331187212,-4.105951522209413e-05,-0.008988809815965119,-113.5802469135822,42.67051274260942,0,0,0,0
2016-09-30,1.65,1.68,1.636,1.6640000000000001,1.701750000000001,1.6856599999999993,-0.009882299541279504,-0.0020093075204335765,-0.007872992020845928,-114.0634350688206,44.80352327936503,0,0,0,0
2016-10-03,1.6640000000000001,1.725,1.6640000000000001,1.705,1.6992000000000007,1.6902799999999991,-0.007166883899143439,-0.0030408227961755494,-0.00412606110296789,69.15676287492921,52.591731856003186,0,0,0,0
2016-10-04,1.703,1.7280000000000002,1.7,1.714,1.6964000000000006,1.695079999999999,-0.004239798892921254,-0.0032806180155246904,-0.0009591808773965634,120.10536807631885,54.12202213888923,0,0,0,0
2016-10-05,1.7,1.714,1.673,1.699,1.6920000000000006,1.696639999999999,-0.0030947630744517785,-0.003243447027310108,0.00014868395285832971,36.725724488393254,51.158094975955116,0,0,0,0
2016-10-06,1.69,1.713,1.68,1.7009999999999998,1.6888000000000005,1.6980799999999987,-0.0020028431246601475,-0.002995326246780116,0.0009924831221199684,39.760837070252585,51.53916764471689,0,0,0,100
2016-10-07,1.6980000000000002,1.7,1.6640000000000001,1.69,1.6861000000000004,1.6990999999999987,-0.002002018740924205,-0.002796664745608934,0.0007946460046847287,-15.67460317460358,49.26260325774344,0,0,0,0
2016-10-10,1.7,1.7,1.661,1.6669999999999998,1.6862000000000006,1.699239999999999,-0.0038133156626019016,-0.0029999949290075273,-0.0008133207335943742,-47.21030042918552,44.806050654829065,0,0,0,0
2016-10-11,1.665,1.686,1.653,1.653,1.6840500000000005,1.6997399999999991,-0.006305775465482055,-0.003661151036302433,-0.0026446244291796223,-82.39067818800763,42.29772690203825,0,0,0,0
2016-10-12,1.653,1.683,1.65,1.672,1.6826000000000003,1.700499999999999,-0.006671027157590714,-0.004263126260560089,-0.0024079008970306253,-57.79344792125807,46.66183263113387,0,0,100,0
2016-10-13,1.68,1.68,1.625,1.652,1.6809500000000004,1.700739999999999,-0.008476611507161946,-0.0051058233098804605,-0.003370788197281486,-113.47323600973307,42.97714261652101,0,0,0,-100
2016-10-14,1.642,1.653,1.61,1.6269999999999998,1.6791500000000004,1.6996599999999988,-0.011788945553040886,-0.006442447758512546,-0.00534649779452834,-169.46405228758164,38.84763349302047,0,0,0,0
2016-10-17,1.6269999999999998,1.64,1.61,1.626,1.6759000000000004,1.6995799999999992,-0.014329504186672004,-0.008019859044144437,-0.006309645142527567,-157.25871857258787,38.687502182495,0,0,0,0
2016-10-18,1.64,1.65,1.614,1.65,1.6744500000000007,1.6991999999999994,-0.014242141245081719,-0.009264315484331893,-0.004977825760749826,-96.4856902356902,44.59073614147198,0,0,0,0
2016-10-19,1.6340000000000001,1.6480000000000001,1.6219999999999999,1.6440000000000001,1.6717000000000006,1.6984799999999993,-0.014490023370672622,-0.010309457061600039,-0.004180566309072584,-83.67346938775526,43.46406790926108,0,0,0,0
2016-10-20,1.66,1.665,1.63,1.639,1.6677500000000005,1.6976399999999991,-0.014917964940629247,-0.01123115863740588,-0.0036868063032233674,-58.73944119558084,42.50035559590481,0,0,0,0
2016-10-21,1.655,1.655,1.6230000000000002,1.625,1.6634000000000007,1.6958799999999994,-0.016200050615773343,-0.012224937033079373,-0.00397511358269397,-75.48535702533663,39.83690099571155,0,0,0,0
2016-10-24,1.625,1.64,1.6030000000000002,1.61,1.660150000000001,1.6938199999999994,-0.018216498929737757,-0.01342324941241105,-0.004793249517326707,-109.72934902907721,37.150531929461174,0,0,0,0
2016-10-25,1.611,1.6280000000000001,1.6030000000000002,1.615,1.6580500000000007,1.6923599999999994,-0.019189881524100283,-0.014576575834748896,-0.004613305689351387,-105.55910543131026,38.63597962949215,0,0,0,0
2016-10-26,1.609,1.63,1.601,1.63,1.6568500000000008,1.6918199999999992,-0.018537233909722284,-0.015368707449743575,-0.0031685264599787093,-83.80706287683067,42.98927617657329,0,0,0,0
2016-10-27,1.63,1.635,1.6119999999999999,1.635,1.6559000000000008,1.6914999999999996,-0.01741578938096766,-0.01577812383598839,-0.00163766554497927,-52.011431083755184,44.40507969602547,0,0,0,0
2016-10-28,1.64,1.642,1.617,1.635,1.6544500000000006,1.6911799999999997,-0.016338694215920935,-0.0158902379119749,-0.00044845630394603486,-25.86983955291119,44.40507969602546,0,0,0,0
2016-10-31,1.6,1.611,1.568,1.59,1.648700000000001,1.6888799999999997,-0.01889836388187094,-0.01649186310595411,-0.0024065007759168297,-212.25490196078462,35.26412726393225,0,0,0,0
