Date,Open,High,Low,Close,macd_cla,macdsignal_cla,macdhist_cla,macd_sh,macdsignal_sh,macdhist_sh,cci_14,cci_20,rsi_7,rsi_14,rsi_21,CDLXSIDEGAP3METHODS,CDLEVENINGSTAR,CDLMORNINGSTAR,CDLENGULFING,CDLDARKCLOUDCOVER,CDLDOJI,CDLHAMMER,CDLHANGINGMAN,CDLHARAMI,CDLPIERCING,CDLSHOOTINGSTAR
2015-08-03,2.766,2.84,2.766,2.8339999999999996,,,,,,,,,,,,0,0,0,0,0,0,0,0,0,0,0
2015-08-04,2.8139999999999996,2.844,2.7560000000000002,2.83,,,,,,,,,,,,0,0,0,0,0,0,0,0,0,0,0
2015-08-05,2.83,2.87,2.8139999999999996,2.852,,,,,,,,,,,,0,0,0,0,0,0,0,0,0,0,0
2015-08-06,2.878,2.888,2.8360000000000003,2.878,,,,,,,,,,,,0,0,0,0,0,0,0,0,0,0,0
2015-08-07,2.846,2.8480000000000003,2.722,2.83,,,,,,,,,,,,0,0,0,0,0,0,0,0,0,0,0
2015-08-10,2.8,2.82,2.7039999999999997,2.736,,,,,,,,,,,,0,0,0,0,0,0,0,0,0,0,0
2015-08-11,2.7,2.7239999999999998,2.6,2.608,,,,,,,,,,,,0,0,0,0,0,0,0,0,0,0,0
2015-08-12,2.6,2.6,2.45,2.454,,,,,,,,,10.084033613445396,,,0,0,0,0,0,0,0,0,0,0,0
2015-08-13,2.478,2.512,2.43,2.46,,,,,,,,,11.387163561076576,,,0,0,0,0,0,0,0,0,0,0,0
2015-08-14,2.454,2.504,2.418,2.4419999999999997,,,,,,,,,10.837438423645287,,,0,0,0,0,0,0,0,0,0,0,0
2015-08-17,2.456,2.494,2.414,2.42,,,,,,,,,10.139460252974386,,,0,0,0,0,0,0,0,0,0,0,0
2015-08-18,2.42,2.448,2.344,2.354,,,,,,,,,8.27430577320878,,,0,0,0,0,0,0,0,0,0,0,0
2015-08-19,2.33,2.35,2.258,2.276,,,,,,,,,6.60028723472223,,,0,0,0,0,0,0,0,0,0,0,0
2015-08-20,2.258,2.28,2.224,2.242,,,,,,,-117.7567063781507,,5.984555291205754,,,0,0,0,0,0,0,0,0,0,0,0
2015-08-21,2.22,2.2880000000000003,2.2,2.226,,,,,,,-105.26053013798112,,5.692976395088095,7.541899441340765,,0,0,0,0,0,100,0,0,0,0,0
2015-08-24,2.18,2.18,2.03,2.05,,,,,,,-138.3262507790811,,3.502800231150295,5.963302752293563,,0,0,0,0,0,0,0,0,0,0,0
2015-08-25,2.08,2.25,2.062,2.226,,,,,,,-98.09717974855589,,33.39668234459497,23.261096772817446,,0,0,0,0,0,0,0,0,0,0,0
2015-08-26,2.21,2.248,2.1519999999999997,2.202,,,,,,,-79.0136986301371,,31.828043679535895,22.64926678627288,,0,0,0,0,0,100,0,0,-100,0,0
2015-08-27,2.26,2.33,2.2359999999999998,2.278,,,,,,,-38.94139886578477,,41.90852232323778,29.01642272731426,,0,0,0,0,0,0,0,0,0,0,0
2015-08-28,2.296,2.296,2.174,2.182,,,,,,,-58.849557522124194,-77.67650115935085,34.410158619696354,26.09447804214506,,0,0,0,-100,0,0,0,0,0,0,0
2015-08-31,2.158,2.234,2.158,2.234,,,,,,,-57.221194924440674,-74.41058980183301,41.07297120906711,30.194931368245392,,0,0,0,0,0,0,0,0,0,0,0
2015-09-01,2.2119999999999997,2.22,2.108,2.1519999999999997,,,,,,,-80.99586246254795,-82.37267954754557,34.6056387694562,27.594897737998565,25.60801144492132,0,0,0,0,0,0,0,0,0,0,0
2015-09-02,2.2119999999999997,2.2119999999999997,2.102,2.112,,,,,,,-87.16464313473232,-82.71399842616063,31.759622821165106,26.400660699255656,24.86111111111112,0,0,0,0,0,0,0,0,0,0,0
2015-09-03,2.13,2.214,2.124,2.1919999999999997,,,,,,,-53.34109580179838,-65.85577074476485,42.746394213674925,32.67612061412182,29.19774898573484,0,0,0,0,0,0,0,0,100,0,0
2015-09-04,2.182,2.2,2.128,2.1719999999999997,,,,,,,-56.40771076363039,-66.53417700314473,40.829114703801345,31.94284056339287,28.761999610017696,0,0,0,0,0,100,0,0,0,0,0
2015-09-07,2.1519999999999997,2.22,2.144,2.15,,,,,,,-41.02564102563996,-61.927959846471744,38.606879035472055,31.115668452357852,28.274621315048538,0,0,0,0,0,100,0,0,0,0,0
2015-09-08,2.154,2.23,2.154,2.21,,,,,,,12.636165577342997,-42.030002338712556,47.66943913020765,35.98445827783445,31.594017290866645,0,0,0,0,0,0,0,0,0,0,0
2015-09-09,2.238,2.31,2.238,2.258,,,,,,,134.0880503144661,15.279199810979016,54.00619920952011,39.65887694161626,34.15376093778118,0,0,0,0,0,0,0,0,0,0,-100
2015-09-10,2.214,2.2840000000000003,2.21,2.24,,,,,,,89.85507246376828,6.115063022588447,51.28904346880554,38.760399031911376,33.65784365581905,0,0,0,0,0,0,0,0,0,0,0
2015-09-11,2.242,2.242,2.19,2.2119999999999997,,,,,,,26.26997716894999,-12.921643753287302,46.99782166683644,37.34314376894696,32.87809930498697,0,0,0,-100,0,0,0,0,0,0,0
2015-09-14,2.1959999999999997,2.208,2.13,2.1719999999999997,,,,,,,-64.85842444631346,-59.336823734730025,41.24621458801255,35.354351782821524,31.773948497040898,0,0,0,0,0,0,0,0,0,0,0
2015-09-15,2.1319999999999997,2.1959999999999997,2.124,2.176,,,,,,,-64.93233477861004,-60.30428769018051,42.073275023049526,35.72300559477861,32.013684079697796,0,0,0,0,0,0,0,0,0,0,0
2015-09-16,2.156,2.224,2.136,2.146,,,,,,,-50.238205009988675,-48.501362397820095,37.45935803938053,34.15004909098091,31.15167039082135,0,0,0,0,0,0,0,0,-100,0,0
2015-09-17,2.1719999999999997,2.2119999999999997,2.142,2.2,-0.11664244807515223,-0.15865410526020174,0.04201165718504951,,,,-9.500165508110843,-14.598540145986801,49.16610298352774,39.328618421271685,34.485750876658564,0,0,0,0,0,0,0,0,0,0,0
2015-09-18,2.218,2.218,2.106,2.1319999999999997,-0.1126434284330986,-0.1494519698947811,0.0368085414616825,,,,-80.71241664556536,-72.22445965901478,38.56159059909799,35.538496141273676,32.41048990145838,0,0,0,-100,0,0,0,0,0,0,0
2015-09-21,2.142,2.142,2.07,2.072,-0.11301293237812038,-0.14216416239144897,0.02915123001332859,,,,-188.07539235563576,-190.32126880845914,31.55532361301267,32.557115213471214,30.6989456599669,0,0,0,0,0,0,0,0,0,0,0
2015-09-22,2.072,2.072,1.992,2.022,-0.11600313709427024,-0.13693195733201322,0.02092882023774298,,,,-260.0766567754702,-258.5728050785017,26.818086952910058,30.27759603503239,29.343081124471144,0,0,0,0,0,0,0,0,0,0,0
2015-09-23,2.006,2.09,1.9969999999999999,2.024,-0.11686437284516549,-0.13291844043464368,0.016054067589478194,,,,-173.9297397240788,-204.5806135154517,27.327219663020912,30.487251635710965,29.473906491021268,0,0,0,0,0,0,0,0,0,0,0
2015-09-24,2.036,2.036,1.922,1.939,-0.12298796925575095,-0.13093234619886512,0.007944376943114173,-0.2502487768632826,-0.21450675125743005,-0.03574202560585257,-182.9191483535287,-244.71763349980748,20.31830902655054,26.798956894900307,27.224464298674693,0,0,0,-100,0,0,0,0,0,0,0
2015-09-25,1.95,1.994,1.945,1.9569999999999999,-0.12494818901611549,-0.1297355147623152,0.004787325746199722,-0.25606897513082316,-0.2283608258818944,-0.027708149248928754,-136.50106793154123,-188.74230430958545,25.06653376573636,28.764321682681242,28.438851869962363,0,0,0,0,0,100,0,0,100,0,0
2015-09-28,1.921,1.943,1.8459999999999999,1.8630000000000002,-0.13255863824128866,-0.1303001394581099,-0.0022584987831787695,-0.2811026374635186,-0.2459414297424358,-0.035161207721082804,-153.85042319966698,-205.26197688769153,18.389937492374358,24.99080572195142,26.05485736332655,0,0,0,0,0,0,0,0,0,0,0
2015-09-29,1.84,1.88,1.788,1.79,-0.14283396298190842,-0.1328069041628696,-0.010027058819038814,-0.31193674638663205,-0.26793986862383457,-0.04399687776279748,-157.05794947994056,-198.01464679049653,14.814762378782772,22.51999214623793,24.387801518128775,0,0,0,0,0,0,0,0,0,0,0
2015-09-30,1.815,1.844,1.791,1.8319999999999999,-0.1459062662632269,-0.13542677658294106,-0.010479489680285836,-0.31390754188661774,-0.2832624263780956,-0.030645115508522114,-129.414977131545,-159.07985604513166,24.647770383716715,26.99237578690407,27.201637560480506,0,0,0,0,0,0,0,0,100,0,0
2015-10-01,1.848,1.868,1.8,1.8030000000000002,-0.14896398232393837,-0.1381342177311405,-0.010829764592797858,-0.31739086605537503,-0.29463857293718876,-0.022752293118186273,-109.0960612071409,-132.90011529189772,22.55085651384532,25.88148350088878,26.48701303899031,0,0,0,-100,0,0,0,0,0,0,0
2015-10-02,1.825,1.9040000000000001,1.8,1.86,-0.14511502502308327,-0.13953037918952907,-0.005584645833554197,-0.297873128197641,-0.29571675802400615,-0.0021563701736348473,-78.64255765199152,-101.89515136598568,35.193677238029544,31.820898284506793,30.267801504107407,0,0,0,0,0,0,0,0,0,0,0
2015-10-05,1.882,2.03,1.879,1.999,-0.12935740861901657,-0.13749578507542656,0.008138376456409996,-0.2414569019872599,-0.27763013934509073,0.036173237357830845,-8.694207323405365,-40.73982330113124,55.746184668037934,43.67441635092755,38.38215723840636,0,0,0,0,0,0,0,0,0,0,0
2015-10-06,2.004,2.022,1.9569999999999999,1.969,-0.11793070165151098,-0.13358276839064345,0.01565206673913247,-0.20979748359577433,-0.2550192540953186,0.04522177049954429,8.78145279969121,-29.900901827658362,51.62378124268589,41.97808851831691,37.39601012501637,0,0,0,0,0,0,0,0,0,0,0
2015-10-07,1.97,2.138,1.97,2.092,-0.09782224802567008,-0.12643066431764877,0.02860841629197869,-0.15181197046788042,-0.2206168262195059,0.06880485575162548,80.80665040778325,20.126842007088385,64.26437275167423,50.471904477374544,43.63087152433161,0,0,0,0,0,0,0,0,0,0,0
2015-10-08,2.09,2.176,2.088,2.15,-0.07632619748661318,-0.11640977095144164,0.040083573464828465,-0.09638012941572738,-0.17920459395157973,0.08282446453585235,137.7122005394258,65.79241994995976,68.75571128871553,53.899018483105465,46.27982535038721,0,0,0,0,0,0,0,0,0,0,0
2015-10-09,2.156,2.222,2.156,2.1919999999999997,-0.055264320882091766,-0.10418068093757167,0.048916360055479904,-0.048027115986302604,-0.13547876796315403,0.08745165197685142,162.4565066109954,97.83912385221913,71.75478633223882,56.25932488995053,48.133075981334414,0,0,0,0,0,0,0,0,0,0,0
2015-10-12,2.204,2.24,2.09,2.14,-0.04228120592547713,-0.09180078593515276,0.04951958000967563,-0.031137679456918477,-0.10069840512774218,0.0695607256708237,118.19218131831317,78.98950364703794,63.0174622727488,52.66421193699983,46.06707405559337,0,-100,0,-100,0,0,0,0,0,0,0
2015-10-13,2.1519999999999997,2.1519999999999997,2.066,2.086,-0.03593510496601571,-0.08062764974132534,0.04469254477530964,-0.034926966096622714,-0.07877459211736904,0.04384762602074632,74.93146318138365,49.33763414683625,54.91599583331377,49.15159539643506,44.007427033302434,0,0,0,0,0,0,0,0,0,0,0
2015-10-14,2.066,2.154,2.052,2.14,-0.02624587937138312,-0.0697512956673369,0.04350541629595378,-0.021666017571684293,-0.05973840060214079,0.0380723830304565,70.5286926730517,60.813473544479955,60.79602664952615,52.55921935016501,46.51814500129895,0,0,0,0,0,0,0,0,0,0,0
2015-10-15,2.16,2.19,2.128,2.14,-0.018355507416940142,-0.05947213801725755,0.04111663060031741,-0.012915308915765422,-0.044130703373349005,0.031215394457583583,77.84913738823845,86.19783454220547,60.796026649526155,52.55921935016501,46.51814500129894,0,0,0,0,0,0,0,0,0,0,0
2015-10-16,2.166,2.1719999999999997,2.116,2.122,-0.013400309932212195,-0.05025777240024848,0.036857462468036284,-0.012166431078413531,-0.03347594594170385,0.021309514863290316,60.74950690335319,77.09318689225375,57.39948133131717,51.23193729761617,45.76401030186044,0,0,0,0,0,0,0,0,0,0,0
2015-10-19,2.102,2.17,2.102,2.15,-0.007131704382271842,-0.04163255879665315,0.03450085441438131,-0.0036918333460360664,-0.023547908409814588,0.01985607506377852,56.37392614307254,76.66127090856277,61.321126939896885,53.21130053184471,47.16307844456209,0,0,0,0,0,0,0,0,0,0,0
2015-10-20,2.166,2.166,2.08,2.13,-0.003734572348760068,-0.034052961507074535,0.030318389158314467,-0.0038431637859090984,-0.016979660201846093,0.013136496415936994,41.48570160186447,61.60319881938858,56.952125863688494,51.60028853955164,46.26793491358116,0,0,0,0,0,0,0,0,0,0,0
2015-10-21,2.154,2.2640000000000002,2.096,2.198,0.00439405898631362,-0.026363557408396902,0.030757616394710523,0.015021612673910223,-0.006312569243260655,0.021334181917170878,85.41114058355434,88.13833514387986,66.43745859000411,56.43024902577959,49.67766155632876,0,0,0,0,0,0,0,0,0,0,0
2015-10-22,2.198,2.198,2.144,2.166,0.008159863491156827,-0.019458873228486155,0.027618736719642982,0.017732367987983277,0.001702409833820655,0.016029958154162624,71.07574094401816,71.93177604746035,59.26766676596996,53.71373526942077,48.16734122043292,0,0,0,0,0,0,0,0,0,0,0
2015-10-23,2.146,2.278,2.094,2.206,0.014208173419553827,-0.012725463898878159,0.026933637318431985,0.030221873778547792,0.011208897815396367,0.019012975963151425,103.80399742101791,78.2673719777327,64.80643947932569,56.5306748747379,50.15626357265521,0,0,0,100,0,0,0,0,0,0,0
2015-10-26,2.25,2.356,2.214,2.34,0.029474419962661536,-0.004285487126570219,0.03375990708923175,0.07474819457670767,0.03238866340250013,0.04235953117420754,259.649122807018,131.8869540393947,77.01951500232371,64.35657528478298,56.08378762051189,0,0,0,0,0,0,0,0,0,0,0
2015-10-27,2.342,2.37,2.222,2.238,0.03296251147121998,0.0031641125929878205,0.029798398878232157,0.07306572629079522,0.045947684365265154,0.027118041925530065,167.0781893004124,115.0124646131746,58.87533356976991,56.08018580744895,51.21578053138085,0,0,0,-100,0,0,0,0,0,0,0
2015-10-28,2.2359999999999998,2.26,2.16,2.17,0.0298952041178544,0.008510330897961136,0.021384873219893265,0.05176443651279916,0.04788660174777649,0.003877834765022674,34.653465346534865,62.32347957070247,49.758227057184925,51.339980838148726,48.28219400206413,0,0,0,0,0,0,0,0,0,0,0
2015-10-29,2.176,2.238,2.156,2.198,0.029384975232820576,0.012685259764933024,0.016699715467887552,0.04517169042086078,0.04698163130547125,-0.0018099408846104711,34.393700787401556,60.538046697216515,53.23696896531721,53.09795800706642,49.53201969852437,0,0,0,0,0,0,0,0,100,0,0
2015-10-30,2.21,2.2119999999999997,2.178,2.2,0.02880989590428573,0.015910186992803565,0.012899708911482167,0.04073974491073562,0.04490100250722604,-0.004161257596490421,28.801169590643646,54.806775969037375,53.505243827930514,53.22794027139194,49.623325865646734,0,0,0,0,0,100,0,0,0,0,0
2015-11-02,2.19,2.25,2.174,2.21,0.028828738072478988,0.01849389720873865,0.010334840863740338,0.039972598757865185,0.04325820125743909,-0.0032856024995739017,43.461671869580016,65.78131916777318,55.01081821141537,53.9156427184559,50.09731393833082,0,0,0,0,0,0,0,0,0,0,0
2015-11-03,2.238,2.262,2.198,2.26,0.03250357181596408,0.021295832130183736,0.011207739685780347,0.05263823638831955,0.04638487963439924,0.00625335675392031,81.57669237360659,98.09809809809806,62.15875153317282,57.29653891973212,52.4463056623004,0,0,0,0,0,0,0,-100,0,0,0
2015-11-04,2.24,2.2640000000000002,2.184,2.184,0.028949625924780342,0.022826590889103056,0.006123035035677286,0.03852700385215568,0.04376558770698472,-0.005238583854829039,22.316112924909046,47.90419161676647,48.49525078400582,51.1535169075575,48.781541977241965,0,0,0,0,0,0,0,0,0,0,0
2015-11-05,2.208,2.208,2.144,2.18,0.025516196797217283,0.0233645120707259,0.002151684726491382,0.02781757959138309,0.03844958500178418,-0.010632005410401088,-48.74201006391989,-11.428571428571356,47.84940411454052,50.844537832050584,48.59389202595354,0,0,0,0,0,0,100,0,0,0,0
2015-11-06,2.156,2.214,2.15,2.19,0.023333126149728045,0.02335823488652633,-2.510873679828496e-05,0.023337246175500592,0.033412138726356316,-0.010074892550855724,-43.27792359288444,1.9463859152439216,49.799366399857284,51.63112035356639,49.10778606926776,0,0,0,0,0,0,0,0,0,0,0
2015-11-09,2.186,2.2880000000000003,2.176,2.1959999999999997,0.021835471070929202,0.023053682123406905,-0.001218211052477703,0.021750790947435483,0.029525022800049372,-0.007774231852613889,20.2099737532814,58.671369782481534,51.07978890517083,52.12612245922429,49.42629687004587,0,0,0,0,0,0,0,0,0,0,0
2015-11-10,2.184,2.1919999999999997,2.128,2.142,0.01610556499983673,0.02166405869869287,-0.005558493698856141,0.005349119304812078,0.02146638830163694,-0.016117268996824863,-125.35059331175867,-67.04581358609778,40.28965277264902,47.42230095282719,46.66630355561568,0,0,0,0,0,0,0,0,0,0,0
2015-11-11,2.144,2.178,2.072,2.082,0.006646458362943086,0.018660538631542913,-0.012014080268599826,-0.02174358356841033,0.007063064344954517,-0.028806647913364847,-190.74302980359855,-147.7715003138737,31.628734726590498,42.80073827191135,43.81206375802286,0,0,0,0,0,0,0,0,0,0,0
2015-11-12,2.1,2.166,1.993,2.044,-0.003871604766964687,0.014154109951841392,-0.01802571471880608,-0.04895484864472799,-0.011609573318272982,-0.037345275326455006,-209.21143679592652,-196.53211496276518,27.29353312195532,40.13310562931871,42.09973154281559,0,0,0,0,0,0,0,0,0,0,0
2015-11-13,2.046,2.13,2.03,2.094,-0.00807952767766773,0.009707382425939567,-0.0177869101036073,-0.05129240723639583,-0.024837184624313932,-0.0264552226120819,-145.0435855897561,-151.83802561310728,39.932227319069234,44.991324144645695,45.066005137490414,0,0,0,0,0,0,0,0,0,0,0
2015-11-16,2.02,2.088,2.0140000000000002,2.0380000000000003,-0.015751495454683795,0.004615606849814894,-0.020367102304498688,-0.06736989954899375,-0.03901475626587387,-0.02835514328311988,-153.523098460102,-179.9541809851092,32.54088471007122,40.9801916600948,42.505180636620125,0,0,0,0,0,0,0,0,0,0,0
2015-11-17,2.064,2.074,2.022,2.06,-0.01982780644289095,-0.00027307580872627454,-0.019554730634164675,-0.07013406323564864,-0.049387858589132125,-0.02074620464651651,-116.61895023858227,-152.65821463974592,37.816312853888846,43.12543068911733,43.82198452623906,0,0,0,0,0,100,0,0,0,0,0
2015-11-18,2.06,2.06,2.024,2.03,-0.025188701873049002,-0.0052562010215908206,-0.01993250085145818,-0.0789090169784381,-0.059228244718900785,-0.01968077225953732,-107.11943630528802,-140.00780746429945,33.63207728833766,40.94013398044871,42.430561956875415,0,0,0,0,0,0,0,0,0,0,0
2015-11-19,2.0540000000000003,2.114,2.0540000000000003,2.086,-0.024634546419491254,-0.009131870101170907,-0.015502676318320347,-0.06741715420577865,-0.06195788121452674,-0.005459272991251908,-50.857351331631016,-78.40859346061887,46.51901916815249,46.40012808562023,45.80339728058153,0,0,0,0,0,0,0,0,0,0,0
2015-11-20,2.082,2.084,2.046,2.06,-0.02599371754368951,-0.012504239589674629,-0.01348947795401488,-0.06615529330807135,-0.06335701857904161,-0.0027982747290297427,-63.7274907815129,-87.99346669521024,42.0918900992158,44.35007963729369,44.53151978065316,0,0,0,0,0,0,0,0,0,0,0
2015-11-23,2.05,2.106,2.042,2.052,-0.027400547141922527,-0.015483501100124208,-0.011917046041798319,-0.06635791249640244,-0.06435731655149522,-0.002000595944907216,-53.76159885795872,-75.63196465399852,40.70141080488248,43.71015531466586,44.13556804419467,0,0,0,0,0,100,0,0,0,0,0
2015-11-24,2.046,2.0580000000000003,1.984,1.995,-0.03273751566313754,-0.018934304012726874,-0.013803211650410666,-0.08108997064282564,-0.06993486791527202,-0.011155102727553615,-110.18518518518536,-115.94061021373746,31.932737218615255,39.35319356557409,41.382805012371584,0,0,0,0,0,0,0,0,0,0,0
2015-11-25,2.0,2.05,1.999,2.04,-0.03295608056536414,-0.021738659323254327,-0.011217421242109817,-0.0763640448342251,-0.07207792688825639,-0.004286117945968712,-82.7322888954579,-89.58106966075057,43.20300526322915,44.09128311125039,44.26444293028179,0,0,0,0,0,0,0,0,0,0,0
2015-11-26,2.06,2.12,2.042,2.114,-0.026848619100551918,-0.022760651278713843,-0.004087967821838075,-0.051418757383731695,-0.06519153705341482,0.013772779669683127,20.838574423480498,-25.50192658689877,56.89554745643095,50.8864557220573,48.625303046660264,0,0,0,0,0,0,0,0,0,0,0
2015-11-27,2.116,2.1319999999999997,2.0540000000000003,2.112,-0.021917147934666925,-0.02259195060990446,0.0006748026752375347,-0.03531582163001845,-0.055232965245616036,0.019917143615597585,66.14039349040667,-14.106369652242126,56.46631432370657,50.707076350539424,48.51757557285755,0,0,0,0,0,100,0,0,0,0,0
2015-11-30,2.11,2.13,2.096,2.116,-0.01748460331256707,-0.02157048115043698,0.0040858778378699105,-0.02341182834749489,-0.04462591961290899,0.021214091265414098,122.08780130143968,7.950885668277568,57.21939016186549,51.078512889816594,48.75598673487463,0,0,0,0,0,100,0,0,0,0,0
2015-12-01,2.104,2.17,2.104,2.112,-0.014131645522459824,-0.02008271402484155,0.005951068502381727,-0.01659428020021192,-0.035282039808676634,0.018687759608464714,149.27761917120824,36.84620316936922,56.08744414326144,50.66735092912307,48.52005942432026,0,0,0,0,0,0,0,0,0,0,0
2015-12-02,2.116,2.124,2.0780000000000003,2.0980000000000003,-0.012460449014285224,-0.018558261022730286,0.006097812008445062,-0.015883337288955524,-0.028815805635436266,0.012932468346480742,65.54054054054,5.821381063390061,51.895396945995344,49.1753307358638,47.67229791094969,0,0,0,-100,0,0,0,0,0,0,0
2015-12-03,2.1,2.136,2.03,2.036,-0.015954976547603472,-0.018037604127704922,0.0020826275801014496,-0.03236379291355451,-0.029998468061475683,-0.0023653248520788296,-9.009900990098606,-40.56018538509096,37.438156298612256,43.11956323505064,44.0901241597203,0,0,0,0,0,0,0,0,0,0,0
2015-12-04,2.0580000000000003,2.062,2.02,2.032,-0.018830119469176676,-0.018196107195999272,-0.0006340122731774041,-0.04325215769731017,-0.034416364606753846,-0.008835793090556321,-77.17338513841656,-85.85810917099238,36.669249527901435,42.753758612246884,43.86683150951164,0,0,0,0,0,0,0,0,0,0,0
2015-12-07,2.05,2.07,2.036,2.06,-0.018634517832583963,-0.01828378932331621,-0.0003507285092677545,-0.041529051122317195,-0.03678726011194163,-0.004741791010375564,-36.757990867579935,-45.667335435176916,45.765810161836654,46.19473978071781,45.881332746974756,0,0,0,0,0,0,0,0,0,0,0
2015-12-08,2.028,2.06,1.992,2.02,-0.021459792700408986,-0.018918989998734766,-0.0025408027016742205,-0.050786186776538234,-0.0414535690001405,-0.009332617776397732,-106.20155038759799,-113.00505050505133,36.92598914915438,42.28450188243457,43.53762234080175,0,0,0,0,0,0,0,0,0,0,0
2015-12-09,2.042,2.042,1.982,2.01,-0.024226491896563562,-0.019980490378300526,-0.004246001518263036,-0.058452046507408095,-0.0471197281692297,-0.011332318338178396,-114.18330773169441,-130.87960074859583,34.95665683903505,41.342329665750924,42.96154980443861,0,0,0,0,0,0,0,0,0,0,0
2015-12-10,2.0,2.032,1.96,1.96,-0.030106652327777983,-0.02200572276819602,-0.008100929559581964,-0.07608514251374432,-0.0567748662840679,-0.019310276229676418,-135.9307359307353,-165.42669584245078,26.66202967052763,36.91349990897596,40.17103225275906,0,0,0,0,0,0,0,0,0,0,0
2015-12-11,1.96,1.972,1.903,1.956,-0.034689608194652166,-0.02454249985348725,-0.010147108341164918,-0.08688958921192369,-0.06681310726001984,-0.020076481951903855,-161.68748868368615,-209.89558232931665,26.084354307442307,36.57592972121114,39.95304355675452,0,0,0,0,0,100,0,0,0,0,0
2015-12-14,1.964,1.976,1.85,1.85,-0.04634076041861768,-0.028902151966513336,-0.01743860845210434,-0.12152776696240863,-0.08505132716081609,-0.03647643980159254,-189.94853163790395,-236.7323754566692,15.620694074830427,29.005925170425307,34.71181102942859,0,0,0,0,0,0,0,0,0,0,0
2015-12-15,1.88,1.92,1.861,1.8980000000000001,-0.0511119963727944,-0.03334412084776955,-0.017767875525024852,-0.12775314245415048,-0.09928526559192756,-0.02846787686222292,-146.44961908868717,-189.94806795176456,30.37590054909028,35.51445904055288,38.54504339471403,0,0,0,0,0,0,0,0,100,0,0
2015-12-16,1.8980000000000001,1.979,1.89,1.976,-0.04804544908478103,-0.03628438649517184,-0.01176106258960919,-0.1076403577183187,-0.1020702963007246,-0.005570061417594099,-74.76319821702167,-101.30472775484361,47.71080502999332,44.42985513589315,44.14090639321825,0,0,0,0,0,0,0,0,0,0,0
2015-12-17,1.96,2.08,1.906,2.04,-0.03998994395502953,-0.03702549798714338,-0.0029644459678861493,-0.07520563477875197,-0.09311540912673373,0.017909774347981758,-6.853091768413019,-24.592272470031826,57.7747125586765,50.479543327722766,48.20421013034621,0,0,0,0,0,0,0,0,0,0,0
2015-12-18,2.02,2.06,2.01,2.046,-0.03274429242653465,-0.036169256875021635,0.0034249644484869862,-0.05172440858015892,-0.07931840894454213,0.02759400036438321,35.14056224899561,14.266654059902544,58.64527099272878,51.01791805225731,48.57245926549141,0,0,0,0,0,0,0,0,0,0,0
2015-12-21,2.022,2.116,2.022,2.0980000000000003,-0.022546197440659554,-0.03344464498814922,0.010898447547489663,-0.021537628962893685,-0.06005814895065932,0.038520519987765636,92.07948502658853,63.29100760199257,65.7790038647501,55.53025419988017,51.69751753172414,0,0,0,0,0,0,0,0,0,0,0
2015-12-22,2.0980000000000003,2.11,2.0340000000000003,2.052,-0.017968815928185222,-0.030349479176156418,0.012380663247971196,-0.014910070889747384,-0.04500878959702201,0.030098718707274624,81.05772015415792,42.822504417868366,55.838144700524886,51.050033508913984,48.93547743356487,0,0,0,0,0,0,0,0,0,0,0
2015-12-23,2.0580000000000003,2.104,2.0580000000000003,2.09,-0.01114643649900282,-0.0265088706407257,0.015362434141722878,9.450402463651031e-05,-0.029974358389802502,0.030068862414439013,102.24150397686202,60.17254343266434,61.45256214391579,54.328181095147876,51.19710425463872,0,0,0,0,0,0,0,0,0,0,0
2015-12-24,2.09,2.09,2.09,2.09,-0.0056742425131872665,-0.022341945015218013,0.016667702502030746,0.009540078896199677,-0.016802879294468442,0.02634295819066812,100.05627462014628,67.51079935005681,61.45256214391578,54.328181095147876,51.197104254638724,0,0,0,0,0,100,0,0,0,0,0
2015-12-25,2.09,2.09,2.09,2.09,-0.0013222473104748111,-0.018138005474269372,0.01681575816379456,0.015310624576513554,-0.006098378004141111,0.021409002580654667,93.45137717818996,68.52184320766024,61.45256214391578,54.328181095147876,51.19710425463872,0,0,0,0,0,100,0,0,0,0,0
2015-12-28,2.09,2.106,2.074,2.0980000000000003,0.0027406805242482513,-0.013962268274565847,0.0167029487988141,0.02088262325344248,0.002895289081720086,0.017987334171722394,83.65048543689349,74.1258457923101,63.02409325098415,55.118502747473386,51.718249719989714,0,0,0,0,0,0,0,0,0,0,0
2015-12-29,2.066,2.12,2.066,2.116,0.00732855070217342,-0.009704104479217993,0.017032655181391413,0.02900420347125987,0.011598260544900015,0.017405942926359858,79.16152474976026,87.33507052156976,66.59863956662946,56.924643749477745,52.906335169426875,0,0,0,0,0,0,0,0,0,0,0
2015-12-30,2.12,2.174,2.096,2.166,0.014828123625594714,-0.004797658858255452,0.019625782483850166,0.047469565025602733,0.023555362038467587,0.023914202987135147,108.01467081133536,135.3779058136277,74.5666508153189,61.553020696001106,56.05997281467246,0,0,0,0,0,0,0,0,0,0,0
2015-12-31,2.166,2.166,2.166,2.166,0.020534875931687235,0.00026884809973308586,0.02026602783195415,0.05821683776304809,0.03510918727999442,0.023107650483053674,116.40492215650274,144.02854047592356,74.5666508153189,61.553020696001106,56.05997281467246,0,0,0,0,0,100,0,0,0,0,0
2016-01-01,2.166,2.166,2.166,2.166,0.024771962485671928,0.005169470976920855,0.019602491508751072,0.06390554952805028,0.044707974696013036,0.01919757483203724,115.5171714714348,125.00106627086701,74.56665081531888,61.553020696001106,56.059972814672456,0,0,0,0,0,100,0,0,0,0,0
2016-01-04,2.12,2.12,2.04,2.04,0.017758033575139276,0.007687183496564539,0.010070850078574736,0.03130389490734675,0.040239948099790944,-0.008936053192444192,-24.48899371069095,22.56472758973826,38.14908910053912,45.9973899965342,46.89829888829675,0,0,0,0,0,0,0,0,0,0,0
2016-01-05,2.05,2.076,2.0,2.004,0.009188624501928366,0.007987471697637305,0.0012011528042910613,0.00019722542565681067,0.02689237387507957,-0.026695148449422758,-117.01244813277953,-18.23811341561613,32.80805387204229,42.67870433527272,44.7064366328797,0,0,0,0,0,0,0,0,0,0,0
2016-01-06,2.0,2.03,1.926,1.96,-0.0011399851651390236,0.0061619803250820395,-0.007301965490221063,-0.03161432990403057,0.007390139282042858,-0.03900446918607343,-202.39931448157716,-69.58506803307637,27.34834709904374,38.97719872557695,42.17673885455536,0,0,0,0,0,0,0,0,0,0,0
2016-01-07,1.9180000000000001,1.936,1.859,1.933,-0.011373055586172853,0.002654973142831061,-0.014028028729003914,-0.05855837715042567,-0.014592699528779979,-0.04396567762164569,-230.29272898961193,-120.35209141370767,24.4369962331476,36.86434478457441,40.693127858071215,0,0,0,0,0,0,100,0,0,0,0
2016-01-08,1.956,1.969,1.883,1.913,-0.020856252576029632,-0.002047272000941078,-0.018808980575088556,-0.07999428880277781,-0.03639322928677925,-0.04360105951599856,-155.7900614182019,-105.95553122243466,22.378250912099602,35.336317679711904,39.609447110355426,0,0,0,-100,0,0,0,0,0,0,0
2016-01-11,1.864,1.922,1.864,1.899,-0.029165238792287163,-0.007470865359210295,-0.02169437343307687,-0.09589848708754034,-0.05622831522036628,-0.03967017186717406,-136.91992518036824,-130.74765215270116,20.93770001865952,34.26562240281925,38.849037001182886,0,0,0,0,0,0,0,0,0,0,0
2016-01-12,1.864,1.93,1.8519999999999999,1.9140000000000001,-0.03414617968773359,-0.012805928224914956,-0.021340251462818635,-0.0999696769874363,-0.07080876914272295,-0.029160907844713355,-107.35232728031737,-128.25107986398314,26.825740866119908,36.48617355014759,40.141818542451674,0,0,0,0,0,0,0,0,0,0,0
2016-01-13,1.89,1.976,1.876,1.876,-0.040690835036727435,-0.01838290958727745,-0.022307925449449983,-0.11123728401723354,-0.08428494076755981,-0.02695234324967373,-83.77650457862012,-113.01044634377973,21.986323204109716,33.40733394127961,38.00464327842955,0,0,0,0,0,0,0,0,-100,0,0
2016-01-14,1.876,1.876,1.8,1.84,-0.04822649566586268,-0.0243516268029945,-0.02387486886286818,-0.12627175355419418,-0.09828054502977127,-0.02799120852442291,-111.19461405980904,-148.1742673562141,18.331228424333514,30.75921447767838,36.093136164309804,0,0,0,0,0,0,0,0,0,0,0
2016-01-15,1.85,1.85,1.766,1.77,-0.05916495917112963,-0.031314293276621524,-0.027850665894508103,-0.15284397967831387,-0.11646835657928546,-0.036375623099028406,-118.6165273909006,-149.11093058940338,13.311205064980916,26.380393006885416,32.73192607725182,0,0,0,0,0,0,0,0,0,0,0
2016-01-18,1.771,1.8030000000000002,1.65,1.722,-0.07088979571604104,-0.039229393764505426,-0.03166040195153561,-0.1800775298364945,-0.13767141433168847,-0.042406115504806025,-139.60343955488108,-162.99614283936788,10.91905143521214,23.870938258060516,30.675135719763595,0,0,0,0,0,0,0,0,0,0,0
2016-01-19,1.712,1.807,1.68,1.7819999999999998,-0.07448173550802517,-0.04627986211320938,-0.028201873394815793,-0.17722314419837693,-0.1508553242872513,-0.026367819911125634,-111.04943849231978,-125.28162511542025,29.417170162853218,32.51292171403279,35.957024807443766,0,0,0,100,0,0,0,0,0,0,0
2016-01-20,1.6909999999999998,1.724,1.645,1.645,-0.08737591357287866,-0.054499072405143234,-0.03287684116773543,-0.2101995839040367,-0.1706367441595131,-0.0395628397445236,-150.6403694351559,-149.24222964294916,18.940080562262658,25.417863074067398,30.403351535143976,0,0,0,0,0,0,0,0,0,0,0
2016-01-21,1.65,1.714,1.6380000000000001,1.681,-0.09361065805590774,-0.06232138953529613,-0.031289268520611604,-0.2170699425353031,-0.1861144769514431,-0.030955465583860003,-121.67273872172005,-129.66311206228556,26.919478537255987,29.75574210265973,33.24802190446984,0,0,0,0,0,0,0,0,100,0,0
2016-01-22,1.72,1.778,1.71,1.761,-0.09104687486676055,-0.06806648660158901,-0.022980388265171542,-0.19515368792285415,-0.18912754727524678,-0.00602614064760737,-63.262554769127355,-86.67726128989555,41.77826598196572,38.33853481358335,39.05998643193112,0,0,0,0,0,0,0,0,0,0,0
2016-01-25,1.765,1.765,1.68,1.723,-0.09103198063176765,-0.07265958540762474,-0.018372395224142912,-0.1882961630201483,-0.18885041919021395,0.000554256170065659,-70.87344028520502,-91.97654941373538,37.54763873175041,36.08324833927514,37.43439090747617,0,0,0,0,0,0,100,0,0,0,0
2016-01-26,1.713,1.7990000000000002,1.703,1.774,-0.08591453380227998,-0.07531057508655578,-0.010603958715724199,-0.16632482950696037,-0.1813418892957961,0.015017059788835718,-36.18432239415062,-66.52671820865991,46.09474028062029,41.091811285027255,40.90048390006089,0,0,0,100,0,0,0,0,0,0,0
2016-01-27,1.796,1.796,1.7280000000000002,1.757,-0.08228218048798297,-0.07670489616684122,-0.005577284321141754,-0.154133159711491,-0.1722723127676944,0.018139153056203394,-28.477604507112282,-58.713702257528894,43.76543309715116,39.96754460973815,40.122517653817155,0,0,0,0,0,0,0,0,0,0,0
2016-01-28,1.736,1.85,1.693,1.693,-0.08360404406808675,-0.07808472574709033,-0.005519318320996419,-0.16138038317894554,-0.16864166957144477,0.007261286392499233,-35.33756408877391,-60.73115235862726,35.81608749956086,35.97681335843183,37.316721344890915,0,0,0,0,0,0,0,0,0,0,0
2016-01-29,1.724,1.751,1.682,1.722,-0.08137354921981399,-0.07874249044163506,-0.0026310587781789296,-0.15489936863662157,-0.16406090259317038,0.009161533956548812,-59.291066767702766,-71.40487092706904,41.43914317674864,38.951379143641454,39.3351455502571,0,0,0,0,0,100,0,0,0,0,0
2016-02-01,1.74,1.767,1.714,1.7280000000000002,-0.07822004414814931,-0.07863800118293791,0.00041795703478859914,-0.14628355635744317,-0.15813512051459463,0.011851564157151467,-29.381583974673667,-54.37748015873034,42.65187688106446,39.57687923809623,39.7565635007452,0,0,0,0,0,0,0,0,0,0,0
2016-02-02,1.739,1.739,1.68,1.709,-0.07637362229259259,-0.07818512540486885,0.0018115031122762637,-0.1434276086935633,-0.15323261657425086,0.009805007880687555,-65.26421237165,-70.92527090000571,39.620583101694095,38.24070097965512,38.859012207526824,0,0,0,0,0,0,0,0,0,0,0
2016-02-03,1.6880000000000002,1.6880000000000002,1.6130000000000002,1.6480000000000001,-0.07892273767877933,-0.07833264785965095,-0.0005900898191283782,-0.1559177970404988,-0.15412767672966685,-0.0017901203108319497,-168.3281412253372,-117.33014983852954,31.290862426531728,34.243451088131046,36.11078342848604,0,0,0,0,0,0,0,0,0,0,0
2016-02-04,1.662,1.662,1.5619999999999998,1.571,-0.08616295357760051,-0.07989870900324086,-0.006264244574359645,-0.18228351198041204,-0.1635129551465819,-0.018770556833830138,-207.34510275133115,-158.62470297269766,23.893238186310615,29.98299545349236,33.01596410775916,0,0,0,0,0,0,0,0,0,0,0
2016-02-05,1.59,1.6,1.5130000000000001,1.515,-0.09532080986781555,-0.0829831291761558,-0.012337680691659747,-0.2110640822762757,-0.17936333085647985,-0.031700751419795864,-204.12799434279114,-196.919042936742,19.901173943497348,27.320721909953562,30.987919913837253,0,0,0,0,0,0,0,0,0,0,0
2016-02-08,1.4980000000000002,1.5090000000000001,1.367,1.3719999999999999,-0.11281689887162716,-0.08894988311525007,-0.02386701575637709,-0.26499881019818483,-0.20790849063704817,-0.057090319561136665,-242.51355175099684,-262.8238491788108,13.287318947472517,21.958815184772217,26.60594896380426,0,0,0,0,0,0,0,0,0,0,0
2016-02-09,1.32,1.35,1.28,1.2930000000000001,-0.13154099254844098,-0.09746810500188825,-0.03407288754655273,-0.3159947720342351,-0.24393725110277714,-0.07205752093145795,-217.5434039052685,-264.37219394526926,10.943295536262106,19.662925792670276,24.588985492749682,0,0,0,0,0,0,0,0,0,0,0
2016-02-10,1.295,1.4240000000000002,1.295,1.4240000000000002,-0.13426168141148942,-0.10482682028380849,-0.029434861127680928,-0.3058626966711142,-0.26457906629222283,-0.04128363037889138,-128.82887672106708,-173.63954478752996,33.60338102529427,32.30277302668292,33.38211774547037,-100,0,100,0,0,0,0,0,0,0,0
2016-02-11,1.423,1.4380000000000002,1.36,1.4,-0.13677775751317722,-0.11121700772968224,-0.025560749783494985,-0.30048578446709184,-0.2765479723505125,-0.02393781211657936,-97.6497605785203,-134.14171684378985,31.870114750426637,31.330218700942066,32.64976860759404,0,0,0,0,0,0,0,0,-100,0,0
2016-02-12,1.4169999999999998,1.506,1.409,1.495,-0.1296119737465431,-0.11489600093305441,-0.014715972813488687,-0.2651468807744277,-0.27274760849181756,0.0076007277173898435,-54.05754775697793,-81.99464081544393,44.97666442528599,39.14102303469762,38.27769120277063,0,0,0,0,0,0,0,0,0,0,0
2016-02-15,1.518,1.624,1.518,1.6,-0.11414462778981793,-0.11474572630440712,0.0006010985145891851,-0.20881966584248324,-0.2514382942753728,0.04261862843288955,4.150030248033986,-19.76115246612754,55.9130388051542,46.398084202419156,43.73412732617314,0,0,0,0,0,0,0,0,0,0,0
2016-02-16,1.62,1.62,1.531,1.55,-0.10471414730759943,-0.11273941050504557,0.008025263197446147,-0.18337624040676848,-0.228750942985838,0.04537470257906953,4.641398309109946,-22.640262208389778,50.35298296594699,43.72431138864317,41.88284321882724,0,0,0,0,0,0,0,0,0,0,0
2016-02-17,1.569,1.597,1.548,1.561,-0.09525477772970614,-0.10924248394997768,0.01398770622027154,-0.1609048940137856,-0.20613559332848722,0.04523069931470161,13.878616943486772,-19.082058414464665,51.58859800992034,44.48230103989228,42.44562872192029,0,0,0,0,0,100,0,0,0,0,0
2016-02-18,1.5619999999999998,1.6440000000000001,1.531,1.535,-0.08883214028002118,-0.10516041521598637,0.016328274935965198,-0.1509987704698006,-0.18775665237559166,0.03675788190579107,22.905242253966183,-15.67902988963086,48.27542877567655,43.00776734138319,41.44947236500093,0,0,0,0,0,0,0,0,0,0,0
2016-02-19,1.554,1.5659999999999998,1.482,1.504,-0.08526076176211972,-0.10118048452521304,0.015919722763093322,-0.15057641915562847,-0.1753632413022706,0.02478682214664213,-1.8587360594796802,-40.66076206838684,44.31639292721325,41.251928147360424,40.26639026594659,0,0,0,0,0,0,0,0,0,0,0
2016-02-22,1.5230000000000001,1.578,1.5130000000000001,1.57,-0.07622608330208713,-0.09618960428058786,0.019963520978500723,-0.1291887087141934,-0.1599717304395782,0.0307830217253848,36.83081124766615,-15.009203757020632,53.739653621515906,46.2804160225348,43.849197054416635,0,0,0,0,0,0,0,0,0,0,0
2016-02-23,1.531,1.6540000000000001,1.531,1.535,-0.07107098099520015,-0.09116587962351032,0.020094898628310168,-0.12305221123784182,-0.14766522403899943,0.024613012801157602,60.297668700882355,3.531625416123894,48.64639842791129,44.12355066367184,42.43205905665089,0,0,0,0,0,100,0,0,0,0,0
2016-02-24,1.53,1.545,1.47,1.508,-0.06837600362091312,-0.08660790442299088,0.01823190080207776,-0.1244097459520308,-0.13991339801000988,0.015503652057979073,9.957821668145002,-35.31382910168866,44.82304504840424,42.47887892084778,41.34961129191008,0,0,0,0,0,0,0,0,0,0,0
2016-02-25,1.5219999999999998,1.5219999999999998,1.465,1.484,-0.06739987030919647,-0.08276629760023199,0.015366427291035517,-0.12962727251370487,-0.13648468951124154,0.0068574169975366694,-2.5643497541696485,-41.01923427292366,41.44503795912114,41.01539538502637,40.3879947860473,0,0,0,0,0,0,0,0,0,0,0
2016-02-26,1.499,1.546,1.484,1.527,-0.062436804377689725,-0.07870039895572353,0.016263594578033808,-0.11856743233931999,-0.13051227045393435,0.011944838114614359,19.127088253301675,-11.7632124571572,49.41386977328776,44.69198188417474,42.88669571268905,0,0,0,0,0,0,0,0,0,0,0
2016-02-29,1.544,1.544,1.4140000000000001,1.422,-0.06621290025041016,-0.07620289921466086,0.009989998964250707,-0.13857480274175682,-0.13319978121654183,-0.00537502152521499,-66.59599840996438,-54.51749327181838,35.60840319037975,38.398065269522995,38.72489795678001,0,0,0,-100,0,0,0,0,0,0,0
2016-03-01,1.426,1.508,1.3940000000000001,1.5,-0.06219459473473066,-0.07340123831867482,0.01120664358394416,-0.12693916924066606,-0.13111291055791657,0.004173741317250512,-75.40748701415006,-39.79724982435009,48.16047300583535,44.63558681684617,43.03660138066386,0,0,0,0,0,0,0,0,0,0,0
2016-03-02,1.506,1.58,1.506,1.579,-0.052035585060226985,-0.06912810766698525,0.017092522606758268,-0.09531785982811503,-0.11918122698131606,0.02386336715320103,45.96273291925472,56.146886641830854,57.8656185376545,50.142010682171836,47.00250340382748,0,0,0,0,0,0,0,0,0,0,0
2016-03-03,1.578,1.74,1.569,1.7,-0.033830827223390925,-0.06206865157826639,0.028237824354875464,-0.04003188983080297,-0.0927981145978117,0.052766224767008735,200.41384499623783,166.80240252468727,68.42775100230575,57.1685944276564,52.33900640530138,0,0,0,0,0,0,0,0,0,0,0
2016-03-04,1.699,1.777,1.6280000000000001,1.76,-0.014395979035290107,-0.052534117069671135,0.03813813803438103,0.012185792942149165,-0.057803478751158086,0.06998927169330725,221.37152545397765,188.03108101967553,72.42646307965069,60.16643932250685,54.713262784870956,0,0,0,0,0,0,0,0,0,0,0
2016-03-07,1.745,1.78,1.653,1.723,-0.0019567563348088512,-0.04241864492269868,0.04046188858788983,0.034560152596560645,-0.027015601635251844,0.06157575423181249,164.47838804029882,161.47704590818353,66.3781147833192,57.49401963454628,53.00360303549624,0,0,0,0,0,0,0,0,-100,0,0
2016-03-08,1.71,1.7180000000000002,1.626,1.6369999999999998,0.0009509737733723878,-0.03374472118348447,0.03469569495685686,0.024118820664216667,-0.009970794202095675,0.034089614866312345,85.36970752313712,105.05727856943264,54.1219068269635,51.741348993002376,49.24790345351738,0,0,0,0,0,0,0,0,0,0,0
2016-03-09,1.6569999999999998,1.6740000000000002,1.6219999999999999,1.645,0.0038564492282338048,-0.026224487101140816,0.03008093632937462,0.019320226101922078,-0.00020712076742309196,0.01952734686934517,61.72555609605107,85.90893984712535,55.02318373295728,52.22027312306975,49.59674234242046,0,0,0,0,0,0,0,0,100,0,0
2016-03-10,1.64,1.675,1.547,1.547,-0.001728793070415957,-0.021325348294995845,0.019596555224579888,-0.011281115402150821,-0.0038984523123323346,-0.007382663089818486,7.801224079656689,21.527545599762206,42.96134252629928,46.17495949810959,45.56811276267919,0,0,0,0,0,0,0,0,0,0,0
2016-03-11,1.5659999999999998,1.62,1.5659999999999998,1.608,-0.0012188969446240705,-0.01730405802492149,0.01608516108029742,-0.01339527273060126,-0.007064059118421976,-0.006331213612179283,12.549779356366422,24.78134110787168,50.79442580702609,50.05105492565052,48.31212426657506,0,0,0,0,0,0,0,0,100,0,0
2016-03-14,1.615,1.6780000000000002,1.6030000000000002,1.64,0.0017471914382001241,-0.013493808132297166,0.01524099957049729,-0.005589459331281077,-0.006572525856041677,0.0009830665247605999,44.93580599144074,66.50570676031597,54.60943809412097,52.003697282501584,49.70860722751205,0,0,0,0,0,0,0,0,0,0,0
2016-03-15,1.6469999999999998,1.66,1.5659999999999998,1.5659999999999998,-0.0018519950588828937,-0.011165445517614312,0.009313450458731418,-0.021126734981129935,-0.011423928897737762,-0.009702806083392173,1.9253794130018826,17.536686202353238,45.162552652153806,47.389995903732256,46.64837412138285,0,0,0,-100,0,0,0,0,0,0,0
2016-03-16,1.585,1.607,1.545,1.5830000000000002,-0.0032946398066386884,-0.009591284375419187,0.006296644568780499,-0.02579600603879162,-0.016214621278089047,-0.009581384760702572,-24.226000708466113,-3.733801888864559,47.59240114189994,48.51993804450076,47.42905793415937,0,0,0,0,0,100,0,0,100,0,0
2016-03-17,1.605,1.605,1.518,1.5590000000000002,-0.006301901192411474,-0.008933407738817645,0.0026315065464061708,-0.0349248802966009,-0.022451374284259664,-0.012473506012341238,-47.622209924368164,-22.467008397862298,44.35529773482043,46.98567322161392,46.42211681712858,0,0,0,0,0,0,0,0,0,0,0
2016-03-18,1.526,1.5919999999999999,1.496,1.496,-0.013611842150582198,-0.009869094621170556,-0.0037427475294116424,-0.05752593297195108,-0.034142893846823466,-0.02338303912512761,-94.74059123827638,-59.14037594811505,36.70876098722083,43.13021742078732,43.85582818545029,0,0,0,0,0,0,0,0,0,0,0
2016-03-21,1.51,1.538,1.496,1.51,-0.018067074044868958,-0.011508690505910236,-0.006558383538958722,-0.06680204145324664,-0.04502927638229785,-0.021772765070948788,-120.27010128798314,-69.63845338888741,39.416506650557224,44.22548008903954,44.570811433125634,0,0,0,0,0,100,0,0,0,0,0
2016-03-22,1.5,1.521,1.47,1.5,-0.02214946855982447,-0.013636846116693083,-0.008512622443131387,-0.07418325713677998,-0.05474726996712523,-0.01943598716965475,-128.45795672418527,-79.75109317188061,38.05960822451793,43.57985683542324,44.14913950187794,0,0,0,0,0,100,0,0,0,0,0
2016-03-23,1.517,1.517,1.42,1.421,-0.03139750450675738,-0.01718897779470594,-0.014208526712051438,-0.09940136965721247,-0.06963196986382097,-0.029769399793391493,-152.06803247004257,-116.84830871074543,28.892566476744964,38.76524858267252,40.93657369249614,0,0,0,-100,0,0,0,0,0,0,0
2016-03-24,1.433,1.46,1.385,1.392,-0.04059870071011784,-0.021870922377788322,-0.01872777833232952,-0.12149422995420323,-0.08691938989394839,-0.03457484006025484,-160.65613274123032,-143.9834975933989,26.190892779644102,37.143034639029445,39.819740229807834,0,0,0,0,0,0,0,0,0,0,0
2016-03-25,1.392,1.392,1.392,1.392,-0.04734495185850429,-0.026965728273931518,-0.020379223584572774,-0.13315465625315648,-0.10233114534701775,-0.030823510906138732,-148.39410144222956,-144.21023046655404,26.1908927796441,37.14303463902945,39.81974022980783,0,0,0,0,0,100,0,0,0,0,0
2016-03-28,1.392,1.392,1.392,1.392,-0.05209093265158771,-0.03199076914946276,-0.02010016350212495,-0.138030579177439,-0.11423095662382483,-0.02379962255361416,-124.64146023468025,-135.34644005759415,26.1908927796441,37.143034639029445,39.819740229807834,0,0,0,0,0,100,0,0,0,0,0
2016-03-29,1.392,1.409,1.337,1.3430000000000002,-0.059124496718515385,-0.03741751466327328,-0.021706982055242102,-0.15215559399684953,-0.12687250241483305,-0.02528309158201647,-125.38969616908828,-144.41091412045736,20.937788394763647,34.12904455355024,37.802474387933025,0,0,0,0,0,0,0,0,0,0,0
2016-03-30,1.3619999999999999,1.446,1.355,1.406,-0.05893569937244991,-0.04172115160510861,-0.017214547767341305,-0.14073142566098107,-0.1314921434968824,-0.009239282164098667,-77.82448314317573,-99.58120055839936,39.22287881598307,40.7824504803656,41.78392559413085,0,0,0,0,0,0,0,0,0,0,0
2016-03-31,1.4,1.4269999999999998,1.37,1.4140000000000001,-0.05747797268396604,-0.044872515820880095,-0.012605456863085944,-0.12871007104837906,-0.13056478601404795,0.0018547149656688855,-65.7359635811835,-88.56671783501037,41.236294979667484,41.58927076239961,42.276598795282084,0,0,0,0,0,0,0,0,0,0,0
2016-04-01,1.3969999999999998,1.446,1.375,1.389,-0.05767516148718865,-0.04743304495414181,-0.010242116533046845,-0.12570199460621523,-0.12894385554477036,0.0032418609385551356,-57.70025839793289,-80.78736445073069,36.792540885849725,39.765912405891314,41.134351858705145,0,0,0,0,0,0,0,0,0,0,0
2016-04-04,1.3840000000000001,1.406,1.345,1.3459999999999999,-0.06060258677191066,-0.050066953317695576,-0.010535633454215085,-0.13342465027955264,-0.1304374537896978,-0.0029871964898548486,-85.6659905341447,-97.79639409943528,30.25093445524186,36.779119032863164,39.220573466133715,0,0,0,0,0,0,0,0,0,0,0
2016-04-05,1.36,1.37,1.33,1.33,-0.06348187909729797,-0.05274993847361605,-0.010731940623681914,-0.14026068069832887,-0.1337118627592415,-0.006548817939087376,-102.20684719074306,-103.0635908702548,28.083369312219624,35.704502725352086,38.52037948804378,0,0,0,0,0,0,0,0,0,0,0
2016-04-06,1.3319999999999999,1.345,1.311,1.335,-0.06461543429129302,-0.05512303763715144,-0.009492396654141574,-0.14057853909721874,-0.13600075487190058,-0.004577784225318154,-116.94851025531757,-103.30748773270403,29.914249410687095,36.330565386296534,38.878425045189864,0,0,0,0,0,100,0,0,100,0,0
2016-04-07,1.344,1.368,1.263,1.295,-0.06795807230036277,-0.05769004456979371,-0.010268027730569063,-0.14928647699471953,-0.14042932891284024,-0.00885714808187929,-142.09437864260204,-110.13143621181155,24.1709541611731,33.51867279479156,37.065195877155745,0,0,0,-100,0,0,0,0,0,0,0
2016-04-08,1.31,1.389,1.31,1.358,-0.06477685624136753,-0.05910740690410847,-0.005669449337259061,-0.13450468831916962,-0.13845444871495002,0.003949760395780405,-62.55976461934532,-71.61322992457553,43.945982858259555,41.233428319115454,41.57167464550978,0,0,0,0,0,0,0,0,0,0,0
2016-04-11,1.359,1.4240000000000002,1.34,1.385,-0.059392406551370014,-0.05916440683356078,-0.00022799971780923523,-0.11520680862865351,-0.1307052353528512,0.015498426724197684,9.096403747355819,-42.30421663679935,50.41188510131419,44.22088753370711,43.39560849931176,0,0,0,0,0,0,0,0,0,0,0
2016-04-12,1.39,1.4069999999999998,1.3419999999999999,1.383,-0.054656528229561685,-0.05826283111276096,0.0036063028831992763,-0.10147838792298303,-0.12096295287622848,0.01948456495324545,9.998214604534635,-43.54338290360544,49.91430790672498,44.04228304565333,43.29050097965878,0,0,0,0,0,0,0,0,0,0,0
2016-04-13,1.399,1.4580000000000002,1.399,1.4580000000000002,-0.04434030984946036,-0.05547832686010084,0.011138017010640482,-0.07012200473935759,-0.10401597016393818,0.03389396542458059,155.47715053763463,34.57227885772224,65.0196298880007,51.889578835884706,48.22796359000393,0,0,0,0,0,0,0,0,0,0,0
2016-04-14,1.46,1.472,1.385,1.433,-0.037746801889557924,-0.05193202186599226,0.014185219976434335,-0.05602498561004987,-0.08801897531264208,0.03199398970259221,117.58360302049617,38.50509626274084,58.19431907004861,49.402593562088455,46.801770473660774,0,0,0,0,-100,0,0,0,0,0,0
2016-04-15,1.45,1.45,1.396,1.4180000000000001,-0.03334736628690438,-0.04821509075017468,0.014867724463270303,-0.05027825160992916,-0.07543873407840444,0.025160482468475284,87.00906344410924,38.48379629629671,54.2108436091568,47.91859633444588,45.945786465876594,0,0,0,0,0,0,0,0,0,0,0
2016-04-18,1.3880000000000001,1.465,1.3880000000000001,1.46,-0.02617006071460426,-0.043806084743060594,0.017636024028456335,-0.03406219220966933,-0.06164655345549274,0.027584361245823412,102.240896358544,81.71731789676863,62.57855873286292,52.24424982094686,48.704038056994904,0,0,0,100,0,0,0,0,0,0,0
2016-04-19,1.445,1.489,1.382,1.39,-0.025832626882009047,-0.04021139317085028,0.014378766288841237,-0.04266574384266009,-0.055319616917881856,0.01265387307522177,63.33783175888472,62.40536448193859,46.171972885945166,45.46638498282416,44.71139409425291,0,0,0,0,0,0,0,0,0,0,0
2016-04-20,1.39,1.442,1.39,1.431,-0.022003211464653782,-0.036569756829610986,0.014566545364957204,-0.03590379961449397,-0.04884767781675256,0.01294387820225859,60.14776184267724,70.15565080081225,54.35027948692992,49.591435194629106,47.36505195886462,0,0,0,0,0,0,0,0,0,0,0
2016-04-21,1.426,1.465,1.422,1.4269999999999998,-0.01907129669077534,-0.03307006480184386,0.013998768111068517,-0.03209250510760242,-0.043262620247035845,0.011170115139433424,81.15588115588105,102.06380350265239,53.42636144545803,49.20041915552634,47.13331106780436,0,0,0,0,0,100,0,0,-100,0,0
2016-04-22,1.443,1.443,1.415,1.423,-0.016875964070890204,-0.02983124465565313,0.012955280584762925,-0.03020960661978922,-0.0389116157046203,0.008702009084831083,54.57805541095539,70.80994942146557,52.387386233177345,48.786162744233266,46.89241122399188,0,0,0,-100,0,0,0,0,0,0,0
2016-04-25,1.415,1.4409999999999998,1.415,1.422,-0.015043427527437148,-0.02687368123000993,0.011830253702572784,-0.02874241856042925,-0.035521883323223286,0.006779464762794035,46.57861635220087,62.72078917549796,52.091920746772345,48.67582136288824,46.829582511134554,0,0,0,0,0,0,0,0,0,0,0
2016-04-26,1.413,1.459,1.413,1.416,-0.013914876930402054,-0.024281920370088354,0.0103670434396863,-0.028953033142305573,-0.033332266596250715,0.004379233453945142,47.62875698534932,64.3793698822161,50.11343800867078,47.97470515905453,46.437600695665324,0,0,0,0,0,100,0,0,0,0,0
2016-04-27,1.433,1.53,1.423,1.5,-0.006171256070270248,-0.020659787510124733,0.014488531439854485,-0.005216141709740718,-0.02396022496741405,0.018744083257673332,200.53367488526004,155.09793757755705,69.2124757401869,57.25698378195476,52.30608493661227,0,0,0,0,0,0,0,0,0,0,0
2016-04-28,1.5,1.538,1.412,1.538,0.0029973500859044044,-0.015928359990918906,0.01892571007682331,0.02038145922390644,-0.00917966357030722,0.02956112279421366,216.3371077685769,152.9680365296807,74.38768431854363,60.67517129753484,54.665417438942384,0,0,0,0,0,0,0,0,0,0,0
2016-04-29,1.526,1.629,1.52,1.594,0.014613809608994055,-0.009819926070936312,0.024433735679930367,0.051676588344649055,0.011105753734678207,0.04057083460997085,280.13715405339195,246.1046446766575,80.13015503807428,65.10405969950874,57.888839100912314,0,0,0,0,0,0,0,0,0,0,0
2016-05-02,1.59,1.6380000000000001,1.581,1.62,0.025622559268292155,-0.0027314290030906185,0.028353988271382774,0.07764617726614165,0.03328589491183269,0.04436028235430896,215.53068836893885,248.55911812433595,82.28193714581869,66.96435014840554,59.29962317750752,0,0,0,0,0,0,0,0,0,0,0
2016-05-03,1.618,1.618,1.538,1.551,0.028451379551009515,0.0035051327077294083,0.024946246843280107,0.07339284108215272,0.04665487696860603,0.02673796411354669,117.76824034334739,158.09987819732075,61.620819319988016,58.110699516662066,54.23648358323223,0,0,0,0,0,0,0,0,0,0,0
2016-05-04,1.541,1.598,1.541,1.551,0.030343459492728098,0.008872798064729147,0.02147066142799895,0.06935568790923119,0.05422181394881442,0.015133873960416773,91.24503410538973,124.65599083873649,61.620819319988044,58.110699516662066,54.23648358323223,0,0,0,0,0,0,0,0,0,0,0
2016-05-05,1.555,1.57,1.551,1.551,0.03148006389729141,0.0133942512312416,0.018085812666049812,0.06552941206129481,0.05799101331964122,0.007538398741653594,71.447716324387,100.96347387348736,61.620819319988044,58.110699516662066,54.23648358323223,0,0,0,0,0,100,0,0,0,0,0
2016-05-06,1.5419999999999998,1.5730000000000002,1.5419999999999998,1.551,0.032011818756737975,0.017117764736340874,0.014894054020397101,0.06190676778553317,0.05929626480827187,0.0026105029772613003,59.165779197728455,86.41063515509666,61.62081931998803,58.11069951666208,54.23648358323223,0,0,0,0,0,0,0,0,0,0,0
2016-05-09,1.57,1.57,1.501,1.501,0.02807502477189705,0.01930921674345211,0.00876580802844494,0.04459053309735839,0.054394354237967374,-0.009803821140608987,19.91547807712625,46.86896972634362,46.08545991878045,51.477056797494484,50.44292870296325,0,0,0,-100,0,0,0,0,0,0,0
2016-05-10,1.495,1.56,1.495,1.53,0.026984089031387715,0.020844191201039232,0.006139897830348483,0.04091752360670475,0.049902077360879836,-0.008984553754175083,17.877048498460933,45.151532127051986,53.94265473255384,54.70661717901192,52.46763289566601,0,0,0,0,0,0,0,0,0,0,0
2016-05-11,1.52,1.547,1.5,1.547,0.027177981667382944,0.022110949294307975,0.005067032373074969,0.0425693783050578,0.047457844342272494,-0.004888466037214691,15.066442073741467,43.53703182202231,58.11707642832731,56.53299892531165,53.63363470538934,0,0,0,0,0,0,0,0,0,0,0
2016-05-12,1.5430000000000001,1.618,1.5430000000000001,1.595,0.030849231092537455,0.02385860565395387,0.006990625438583583,0.056154446479853126,0.05035671172146604,0.005797734758387088,82.75482093663932,93.7678357728074,67.74672336470002,61.280485082857695,56.77707725557208,0,0,0,0,0,0,0,0,0,0,0
2016-05-13,1.609,1.632,1.6,1.618,0.03520876575791432,0.02612863767474596,0.009080128083168357,0.07005699965509748,0.056923474366009856,0.013133525289087629,119.55889895708722,115.90494596728158,71.42011505637899,63.34630775896283,58.20276979180656,0,0,0,0,0,0,0,0,0,0,0
2016-05-16,1.609,1.6340000000000001,1.609,1.6340000000000001,0.03949946937599691,0.02880280401499615,0.010696665361000758,0.0819575516607125,0.06526816679757741,0.016689384863135093,129.70204841713246,114.97181266261961,73.83834476479265,64.75506660674935,59.186104214284995,0,0,0,0,0,0,0,0,0,0,0
2016-05-17,1.615,1.704,1.615,1.671,0.0453625623032583,0.032114755672648584,0.013247806630609718,0.09821053715201233,0.07624895691572238,0.021961580236289954,168.72404681011722,143.24079114498284,78.70055646913163,67.83388429028004,61.391601688061016,0,0,0,0,0,0,0,0,0,0,0
2016-05-18,1.67,1.681,1.6159999999999999,1.6159999999999999,0.04505173696361098,0.034702151930841064,0.010349585032769913,0.09134740695853405,0.0812817735966596,0.010065633361874451,104.20103587185821,105.79419838266922,59.51739054269816,59.51173438663449,56.616407001983546,0,0,0,0,0,0,0,0,0,0,0
2016-05-19,1.6119999999999999,1.6119999999999999,1.538,1.538,0.03807258050703721,0.03537623764608029,0.0026963428609569212,0.06366789152266761,0.0754104795719956,-0.011742588049327998,-33.27755051444159,16.942233108798,42.41264717351505,50.120533515987844,50.739491563889494,0,0,0,0,0,0,0,0,0,0,0
2016-05-20,1.535,1.556,1.516,1.525,0.03113366783585203,0.03452772368403464,-0.0033940558481826075,0.04144990233114676,0.06409028715837932,-0.02264038482723256,-79.05954735223051,-30.16026973349928,40.16799832337249,48.74002928720232,49.83423234034238,0,0,0,0,0,0,0,0,0,0,0
2016-05-23,1.52,1.56,1.504,1.5119999999999998,0.024305361123831082,0.032483251171993924,-0.008177890048162842,0.023082096130353058,0.05042089014903724,-0.02733879401868418,-81.21341138903693,-52.66718709341629,37.83206791198612,47.335930519386146,48.91783592325923,0,0,0,0,0,0,0,0,0,0,0
2016-05-24,1.495,1.561,1.48,1.555,0.022108763430665812,0.0304083536237283,-0.008299590193062489,0.02303417933484697,0.04129198654430715,-0.01825780720946018,-63.10172570390534,-56.78010932816044,49.22641473973145,52.23722923331938,51.98440218047256,0,0,0,100,0,0,0,0,0,0,0
2016-05-25,1.569,1.6980000000000002,1.536,1.67,0.02930961978581359,0.03018860685614536,-0.0008789870703317694,0.05452189506851246,0.045701956052375585,0.008819939016136875,88.93647394718069,109.40215502259296,67.69866109470023,62.33359355170486,58.91110029817837,0,0,0,0,0,0,0,0,0,0,0
2016-05-26,1.681,1.84,1.68,1.78,0.04339223237419643,0.03282933195975557,0.010562900414440857,0.10389338469584808,0.06509909893353308,0.038794285762315,204.53971261645347,262.35237406604017,77.02603627747668,69.0688112783121,64.11094200568947,0,0,0,0,0,0,0,0,0,0,0
2016-05-27,1.784,1.798,1.733,1.7590000000000001,0.05225590625541732,0.03671464681888792,0.015541259436529398,0.1272218525223956,0.08580668346315391,0.04141516905924168,159.6876525134211,198.99501432889755,72.37146500288975,66.61968423443437,62.524829332958866,0,0,0,0,0,0,0,0,0,0,0
2016-05-30,1.7630000000000001,1.8359999999999999,1.7630000000000001,1.8319999999999999,0.0644282330141468,0.04225736405793969,0.022170868956207103,0.1598319646257329,0.11048177718401357,0.04935018744171933,167.14596949891083,200.7402357066331,77.80967680209659,70.53147788218459,65.62861533116782,0,0,0,0,0,0,0,0,0,0,0
2016-05-31,1.815,1.835,1.73,1.73,0.06509397924375926,0.04682468709510361,0.01826929214865565,0.14907107290143173,0.1233448757564863,0.025726197144945437,102.94745091209884,132.94585589949097,58.90812167646865,59.95848081016677,58.51804305675198,0,0,0,0,0,0,0,0,0,0,0
2016-06-01,1.73,1.7480000000000002,1.695,1.7,0.06248060117016507,0.0499558699101159,0.012524731260049174,0.13120178787314152,0.12596384646203804,0.0052379414111034805,50.49323044744057,78.59336934646782,54.37563881499558,57.240631876821666,56.62344121448286,0,0,0,0,0,0,0,0,0,0,0
2016-06-02,1.716,1.745,1.68,1.68,0.05812561149803086,0.05158981822769889,0.00653579327033197,0.11196553826508593,0.12129774372972067,-0.009332205464634744,34.57733372514406,60.88966881145352,51.3053503324838,55.43651753879823,55.368597261622156,0,0,0,0,0,0,0,0,0,0,0
2016-06-03,1.68,1.722,1.649,1.649,0.051578247948660616,0.05158750417189124,-9.256223230620642e-06,0.0891692785439937,0.11058825533447834,-0.021418976790484642,8.670221916394055,32.87803355885544,46.55208124128248,52.665724527824786,53.44111679655455,0,0,0,0,0,0,0,0,0,0,0
2016-06-06,1.64,1.661,1.597,1.63,0.04434509134503806,0.0501390216065206,-0.005793930261482547,0.06788701726508384,0.09635450931134684,-0.028467492046263004,-25.599064874342364,-9.602070916862465,43.65973965389075,50.983760891860584,52.270105599207575,0,0,0,0,0,0,0,0,0,0,0
2016-06-07,1.61,1.6780000000000002,1.61,1.642,0.039129996098951514,0.047937216505006784,-0.00880722040605527,0.05656324132530588,0.08309075331599985,-0.026527511990693975,-14.547234459128696,-2.2951977401128496,46.126136934094895,52.02585774860703,52.95374568281551,0,0,0,100,0,0,0,0,0,0,0
2016-06-08,1.6340000000000001,1.65,1.6,1.625,0.033242044027528284,0.044998182009511084,-0.0117561379819828,0.04366376682016204,0.06994842448405392,-0.026284657663891875,-35.218562253988054,-25.86031358175533,43.01393463597764,50.39138839090476,51.84906951063646,0,0,0,0,0,0,0,0,0,0,0
2016-06-09,1.624,1.624,1.577,1.601,0.026335619538207844,0.04126566951525044,-0.014930049977042593,0.028066620523957253,0.0559878231640217,-0.027921202640064445,-64.76380130545414,-51.90133607399816,38.711896168993725,48.09419682052726,50.293804471825055,0,0,0,0,0,0,100,0,0,0,0
2016-06-10,1.5819999999999999,1.585,1.5130000000000001,1.525,0.014561804117364519,0.03592489643567325,-0.021363092318308734,-0.0033846682648372983,0.036196992687735366,-0.039581660952572664,-123.173746909418,-104.4612463995812,28.26717823602657,41.623300543583206,45.732586214529995,0,0,0,0,0,0,0,0,0,0,0
2016-06-13,1.5290000000000001,1.5290000000000001,1.393,1.393,-0.005358556159562378,0.027668205916626123,-0.0330267620761885,-0.05979131920102598,0.004200888724814916,-0.0639922079258409,-195.27769222872405,-175.3492422412971,18.27564535135703,33.25443857956644,39.242215269448266,0,0,0,0,0,0,0,0,0,0,0
2016-06-14,1.39,1.392,1.3119999999999998,1.315,-0.02712683208980926,0.016709198315339048,-0.04383603040514831,-0.11586603795342199,-0.03582142016793072,-0.08004461778549127,-206.0342045821232,-208.39487936976866,14.694831555417917,29.482230954217286,36.06639132960623,0,0,0,0,0,0,0,0,0,0,0
2016-06-15,1.33,1.376,1.301,1.324,-0.043154662723594805,0.004736426107552276,-0.04789108883114708,-0.14652667498357097,-0.07272317177314414,-0.07380350321042684,-160.69124198364915,-172.64897799985252,16.886993849580183,30.46239393065189,36.68716299054296,0,0,0,0,0,100,0,0,100,0,0
2016-06-16,1.301,1.324,1.262,1.305,-0.05673595837429746,-0.007558050788817671,-0.04917790758547978,-0.16839584135470975,-0.104614061633666,-0.06378177972104375,-139.0948983351759,-163.62080388692567,15.881788811866288,29.529251487891813,35.91418161640064,0,0,0,0,0,100,0,0,0,0,0
2016-06-17,1.339,1.357,1.284,1.2919999999999998,-0.0677670480336876,-0.019599850237791656,-0.04816719779589595,-0.18265798608182093,-0.1306287031163843,-0.05202928296543663,-108.4069815325161,-134.9399787770261,15.161382266444798,28.87744729798633,35.37866203560547,0,0,0,-100,0,0,0,0,0,0,0
2016-06-20,1.349,1.4,1.344,1.369,-0.06949491545305397,-0.029578863280844123,-0.03991605217220985,-0.16686641079737585,-0.14270793901004816,-0.02415847178732769,-67.28682170542639,-94.7130073357217,35.40795189458738,37.655442025869625,40.86278195607025,0,0,0,0,0,0,0,0,0,0,-100
2016-06-21,1.369,1.436,1.369,1.436,-0.0647119635399871,-0.03660548333267272,-0.028106480207314377,-0.13522233727018107,-0.14021273843009247,0.004990401159911395,-39.34845840605011,-68.70437686556133,48.00456873306542,44.118323185219346,45.118113521235784,0,0,0,0,0,0,0,0,0,0,0
2016-06-22,1.4380000000000002,1.4380000000000002,1.382,1.4269999999999998,-0.06094512698655885,-0.04147341206344994,-0.01947171492310891,-0.11529417361842542,-0.13190655015953678,0.016612376541111362,-31.158785755983608,-60.76422312063712,46.58093725281845,43.46649278778354,44.664803884433134,0,0,0,0,-100,0,0,-100,0,0,0
2016-06-23,1.4280000000000002,1.4380000000000002,1.3940000000000001,1.435,-0.056661193766789575,-0.04451096840411787,-0.012150225362671706,-0.0983895118077196,-0.12073420404226438,0.022344692234544786,-20.56566542424887,-51.75151389056176,48.174797665222854,44.254906950883196,45.17888149291605,0,0,0,0,0,100,0,-100,0,0,0
2016-06-24,1.263,1.33,1.251,1.325,-0.0614340529961237,-0.04789558532251904,-0.013538467673604664,-0.1164793634119472,-0.11931592383215865,0.002836560420211451,-88.73387703163867,-93.8736972073938,32.58061090525551,36.68017499994796,39.835789404077694,0,0,0,0,0,0,0,0,0,0,0
2016-06-27,1.3,1.3019999999999998,1.206,1.248,-0.07061581959464913,-0.052439632176945056,-0.018176187417704076,-0.1471011336180914,-0.12857766042746957,-0.018523473190621836,-113.8363103172486,-106.39489304513384,25.768560908760037,32.48823824508859,36.64999028698396,0,0,0,0,0,0,0,0,0,0,0
2016-06-28,1.263,1.306,1.263,1.27,-0.0752497869342954,-0.05700166312841513,-0.018248123805880277,-0.1575463012734768,-0.13823387404280532,-0.019312427230671475,-84.5798150381985,-87.93795216883075,30.604997981048992,34.78158743057143,38.134272018538105,0,0,0,0,0,0,0,0,100,0,0
2016-06-29,1.286,1.286,1.2329999999999999,1.2570000000000001,-0.07905987773391243,-0.06141330604951459,-0.017646571684397844,-0.1648164753292105,-0.14709474113827373,-0.017721734190936783,-96.13967481323711,-93.01835144858764,29.289422034706767,34.0456220718532,37.5878513384468,0,0,0,-100,0,0,0,0,0,0,0
2016-06-30,1.255,1.329,1.225,1.315,-0.0765172437138526,-0.0644340935823822,-0.012083150131470405,-0.15023072426561312,-0.14814006884738687,-0.002090655418226256,-59.31602279924004,-73.52504913412679,42.21792242928471,40.13216705927255,41.51375253242664,0,0,0,100,0,0,0,0,0,0,0
2016-07-01,1.327,1.34,1.304,1.3090000000000002,-0.07413179263017211,-0.06637363339194018,-0.007758159238231935,-0.13993171944287375,-0.14540395237921583,0.005472232936342081,-16.133470932232377,-52.711854066255775,41.306433268424165,39.723767207120076,41.232032628456416,0,0,0,0,0,0,0,0,0,0,0
2016-07-04,1.3119999999999998,1.32,1.27,1.27,-0.07452915383093317,-0.06800473747973877,-0.006524416351194398,-0.1416891660462809,-0.14416569026823753,0.0024765242219566275,-54.096553046646356,-66.54278382444025,35.49501468985524,37.08222934272326,39.4068757486142,0,0,0,0,0,0,0,0,0,0,0
2016-07-05,1.268,1.27,1.182,1.183,-0.08093131256280106,-0.07059005249635122,-0.010341260066449837,-0.16433849972164327,-0.15088996008603944,-0.013448539635603829,-136.18339529120186,-113.22724035462556,25.98167438584676,31.974280675612356,35.70487179987356,0,0,0,0,0,0,0,0,0,0,0
2016-07-06,1.18,1.203,1.127,1.16,-0.08685971256568559,-0.07384398451021809,-0.013015728055467496,-0.18194477463350744,-0.16124156493519545,-0.020703209698311992,-163.03297382968032,-147.85434914339234,23.99789153693025,30.767666255137062,34.79744803184693,0,0,0,0,0,0,0,0,0,0,0
2016-07-07,1.162,1.2,1.148,1.1640000000000001,-0.09019552780936224,-0.07711429317004692,-0.01308123463931532,-0.18854974819591264,-0.17034429268876786,-0.01820545550714478,-127.43460176686933,-141.09795074262064,25.157349742257978,31.253552747949374,35.09865003591372,0,0,0,0,0,100,0,0,0,0,0
2016-07-08,1.1640000000000001,1.237,1.1640000000000001,1.218,-0.08747349670045512,-0.07918613387612856,-0.008287362824326558,-0.17421677325009544,-0.1716351195425437,-0.0025816537075517287,-81.09965635738813,-103.93064198712825,39.65644512563837,37.61857063347639,39.08728496658648,0,0,0,0,0,0,0,0,0,0,0
2016-07-11,1.237,1.2790000000000001,1.225,1.258,-0.0811531190886281,-0.07957953091862847,-0.0015735881699996263,-0.1508549598906901,-0.1647083996585925,0.013853439767902404,-22.94716297225672,-47.28255623129605,48.310285899984336,41.909077094685294,41.86607501220065,0,0,0,0,0,0,0,0,0,0,0
2016-07-12,1.26,1.3430000000000002,1.25,1.3030000000000002,-0.07168669082763968,-0.07800096290043071,0.006314272072791033,-0.12085205962938517,-0.15008961964885673,0.02923756001947156,45.882352941176414,7.087087087087115,56.4983788326435,46.377340758319754,44.83859587207411,0,0,0,0,0,0,0,0,0,0,0
2016-07-13,1.319,1.369,1.2990000000000002,1.31,-0.0628946266251258,-0.07497969564536973,0.012085069020243935,-0.09777889910135285,-0.13265271279968877,0.03487381369833592,108.05215973920134,40.66122366696905,57.714025305991115,47.059504647492254,45.295466678386184,0,0,0,0,0,0,0,0,0,0,0
2016-07-14,1.3259999999999998,1.3619999999999999,1.308,1.35,-0.05209862616304095,-0.07040348174890397,0.01830485558586302,-0.0703295221188629,-0.11187831590608015,0.04154879378721725,118.49865951742609,52.92976329064795,64.35470852760558,50.90312811078622,47.885287350846696,0,0,0,0,0,0,0,0,0,0,0
2016-07-15,1.364,1.365,1.328,1.35,-0.04304650470513338,-0.06493208634014985,0.02188558163501647,-0.0517441824980569,-0.09183360477007241,0.04008942227201551,108.5949800870615,57.86802030456872,64.3547085276056,50.90312811078622,47.88528735084669,0,0,0,0,0,0,0,-100,0,0,0
2016-07-18,1.367,1.416,1.367,1.4,-0.03147522430699912,-0.058240713933519705,0.02676548962652059,-0.025195187505363315,-0.06962079901516938,0.04442561150980606,140.79384366140127,107.07964601769895,71.87059971091657,55.57859032420832,51.07716753185939,0,0,0,0,0,0,0,0,0,0,0
2016-07-19,1.4169999999999998,1.4169999999999998,1.348,1.3880000000000001,-0.023007979273623302,-0.051194167001540426,0.028186187727917124,-0.011345909408012389,-0.050195835812783716,0.03884992640477133,110.4600768371844,100.0755857898714,67.86400136464124,54.24348887063044,50.30081003282053,0,0,0,0,-100,0,0,0,0,0,0
2016-07-20,1.371,1.416,1.371,1.4040000000000001,-0.014835545366863157,-0.043922442674604975,0.02908689730774182,0.002028560308986682,-0.03278770377219359,0.03481626408118027,104.91494677756098,117.35791090629822,70.42839647304339,55.76914105338836,51.33635186070193,0,0,0,0,0,0,0,0,0,0,0
2016-07-21,1.415,1.4169999999999998,1.383,1.406,-0.008104031105249154,-0.03675876036073381,0.028654729255484658,0.010967512347300978,-0.018202631732362067,0.029170144079663046,96.35555555555531,126.51226424313508,70.7685696057736,55.96678237534426,51.46907182156362,0,0,0,0,0,0,0,-100,0,0,0
2016-07-22,1.4,1.416,1.374,1.382,-0.004652228978853534,-0.030337454084357757,0.025685225105504222,0.009725972661289495,-0.008893096934478213,0.018619069595767708,74.03565253681492,100.20850330885666,60.95236247918486,52.91138676463677,49.759154472349834,0,0,0,0,0,0,0,0,0,0,0
2016-07-25,1.386,1.44,1.386,1.405,-6.005091425476117e-05,-0.02428197345033716,0.024221922536082397,0.015153040772665882,-0.0008777176987635159,0.016030758471429398,82.48651009014063,107.30027548209364,66.19497689181422,55.42298063709027,51.384368663165134,0,0,0,0,0,0,0,0,0,0,0
2016-07-26,1.43,1.45,1.411,1.442,0.0064900606852371645,-0.018127566623222294,0.02461762730845946,0.02856724956922374,0.00893727139056557,0.01962997817865817,99.64350334103653,116.38571336304332,72.9988485949127,59.19366099667867,53.90313699777825,0,0,0,0,0,0,0,0,0,0,0
2016-07-27,1.45,1.565,1.45,1.546,0.019844249993269614,-0.010533203299923913,0.030377453293193527,0.0653730986342933,0.02774921380514148,0.03762388482915183,174.73266116712531,172.0204945422144,83.73438534259151,67.5121731158574,60.01691309931413,0,0,0,0,0,0,0,0,0,0,0
2016-07-28,1.54,1.5619999999999998,1.514,1.525,0.028405574949781798,-0.0027454476499827714,0.03115102259976457,0.08150320547833156,0.04566721102953818,0.03583599444879339,179.76310483870967,157.80527281715783,76.56314937035286,64.6464556019042,58.375403935469386,0,0,0,0,0,0,0,0,-100,0,0
2016-07-29,1.537,1.54,1.49,1.52,0.0343905950729777,0.004681760894609324,0.02970883417836838,0.08876099116757175,0.0600318044088827,0.028729186758689046,134.48304590519066,125.36231884057997,74.78406420071477,63.95042217151931,57.97896153384785,0,0,0,0,0,0,100,0,0,0,0
2016-08-01,1.5390000000000001,1.548,1.5030000000000001,1.526,0.03916643026838229,0.011578694769363917,0.027587735499018374,0.09335365269102724,0.07113908716959755,0.022214565521429697,115.28215712129038,117.24683450199545,75.57853280159034,64.44513182247609,58.33548414974036,0,0,0,0,0,0,0,0,0,0,0
2016-08-02,1.544,1.544,1.473,1.48,0.03879232473465777,0.017021420762422686,0.021770903972235082,0.08173877934114682,0.0746723178934473,0.0070664614476995125,70.94056023684783,91.36397331356558,58.962393534913225,57.886425338335634,54.60593743762475,0,0,0,0,0,0,0,0,0,0,0
2016-08-03,1.4980000000000002,1.646,1.459,1.5490000000000002,0.043561417838039906,0.02232942017754613,0.021231997660493777,0.09207869650342304,0.08047444409677255,0.011604252406650487,106.06971583995403,124.12742565732819,70.3644408942911,63.83240774342139,58.75869173337325,0,0,0,0,0,0,0,0,0,0,0
2016-08-04,1.547,1.5719999999999998,1.516,1.56,0.04767895325706517,0.02739932679344994,0.02027962646361523,0.09993940922590405,0.08696276580648306,0.012976643419420994,89.21605637347422,110.27313493681174,71.82064499759598,64.68835641706649,59.38070896605109,0,0,0,0,0,0,0,0,0,0,0
2016-08-05,1.56,1.608,1.541,1.605,0.053951336240551706,0.032709728682870295,0.02124160755768141,0.11553801706550493,0.09648784955949034,0.019050167506014584,109.47169017049018,123.60771529475666,77.17379543826445,68.02245026675013,61.85214424949994,0,0,0,0,0,0,0,0,0,0,0
2016-08-08,1.6,1.643,1.6,1.629,0.060165296284701464,0.03820084220323653,0.021964454081464933,0.1298864365003367,0.1076207118731058,0.022265724627230907,134.9460923671083,136.7148801268079,79.58668505210217,69.66740110022482,63.109111732808756,0,0,0,0,0,0,0,0,0,0,0
2016-08-09,1.643,1.643,1.6159999999999999,1.642,0.06538517613371098,0.04363770898933142,0.021747467144379556,0.14012643324633567,0.11845595233084909,0.02167048091548658,132.55532599996283,128.85426809477437,80.86492619174996,70.551078853631,63.78773847422274,0,0,0,0,0,100,0,-100,0,0,0
2016-08-10,1.645,1.6580000000000001,1.6280000000000001,1.632,0.0679319745779925,0.048496562107063636,0.019435412470928858,0.14120112687814368,0.1260376771799473,0.015163449698196385,125.1661918328585,121.24167072972526,76.56244963583018,68.88853698156605,62.853861287736336,0,0,0,0,0,0,0,0,0,0,0
2016-08-11,1.6219999999999999,1.67,1.6219999999999999,1.67,0.07218451495937561,0.05323415267752603,0.018950362281849584,0.14981850570413124,0.13396462002134193,0.01585388568278931,123.87330821822248,122.98276010860386,81.0357192956575,71.62490517852638,64.90399925047421,0,0,0,100,0,0,0,0,0,0,0
2016-08-12,1.67,1.67,1.63,1.659,0.07381616893385656,0.05735055592879214,0.016465613005064425,0.14941429041486165,0.13911451015251516,0.010299780262346486,103.25654323965729,114.08943223745786,76.12870650544826,69.71344859120607,63.83318458465421,0,0,0,0,0,0,0,0,0,0,0
2016-08-15,1.659,1.659,1.659,1.659,0.07425332040749444,0.0607311088245326,0.013522211582961838,0.14639285318800943,0.14154062449767993,0.004852228690329502,95.99408721359974,108.95594866458548,76.12870650544826,69.71344859120607,63.83318458465421,0,0,0,0,0,100,0,0,0,0,0
2016-08-16,1.67,1.685,1.67,1.685,0.07582370038931896,0.06374962713748987,0.01207407325182909,0.14900171024539843,0.14402765308025275,0.004974057165145679,103.63429869392405,114.34528773978316,80.0208732885485,71.77805534737072,65.32402380599818,0,0,0,0,0,0,0,0,0,0,0
2016-08-17,1.685,1.685,1.6219999999999999,1.64,0.07260022373246544,0.06551974645648498,0.007080477275980462,0.13538503301772864,0.14114677972607806,-0.005761746708349419,58.33333333333368,80.20587604546421,60.20085316585174,63.68605792343457,60.77153183542726,0,0,0,0,0,0,0,0,0,0,0
2016-08-18,1.651,1.6740000000000002,1.62,1.661,0.07092256853142676,0.06660031087147333,0.004322257659953421,0.1301377726703492,0.13747711070750177,-0.00733933803715256,55.05925670233606,74.53425369257012,64.93007045310164,65.6331871264291,62.06689266421124,0,0,0,0,0,0,0,0,100,0,0
2016-08-19,1.669,1.669,1.6230000000000002,1.6380000000000001,0.0669651740744146,0.06667328351206159,0.00029189056235301436,0.11803509443921478,0.13099643861807278,-0.012961344178857998,38.12462779492236,61.04851596784538,56.37100042900064,61.72922646068647,59.7961875097635,0,0,0,-100,0,0,0,0,0,0,0
2016-08-22,1.6580000000000001,1.669,1.641,1.661,0.06493627329955398,0.06632588146956006,-0.0013896081700060792,0.11461794343370024,0.12553694022328193,-0.010918996789581692,57.604166666666934,68.69921969270365,62.18635312215909,64.03315480813156,61.28344692456592,0,0,0,0,0,100,0,0,100,0,0
2016-08-23,1.669,1.7,1.66,1.69,0.06492005447822957,0.06604471607129396,-0.0011246615930643883,0.11839940495923362,0.1231577618019325,-0.004758356842698874,119.0596609534513,92.3599589160147,68.38516761549872,66.75106042913892,63.091080028126534,0,0,0,0,0,0,0,0,0,0,0
2016-08-24,1.6740000000000002,1.699,1.67,1.694,0.06448660606291035,0.06573309406961723,-0.001246488006706889,0.11969885471680586,0.12200479277355696,-0.0023059380567510973,139.75280615462285,91.90970710776678,69.1977206450756,67.12013046633038,63.33897600838251,0,0,0,0,0,0,0,0,0,0,0
2016-08-25,1.699,1.699,1.65,1.675,0.06189645011286915,0.06496576527826761,-0.003069315165398462,0.11302260355089189,0.11901072969933527,-0.005988126148443379,82.54920049200616,72.05459289489531,60.57064809824981,63.5137068118931,61.28600704885778,0,0,0,0,0,0,0,0,0,0,0
2016-08-26,1.669,1.69,1.643,1.686,0.06003924587722009,0.0639804613980581,-0.0039412155208380095,0.10978158238067048,0.11593434725978034,-0.006152764879109859,61.63944924751802,67.56002233389148,63.63306449350908,64.69638581556065,62.034062609402994,0,0,0,0,0,0,0,0,0,0,0
2016-08-29,1.6680000000000001,1.729,1.6680000000000001,1.72,0.06061221411564621,0.06330681194157572,-0.0026945978259295122,0.11515239159977786,0.11567369537311285,-0.000521303773334994,166.20737647877357,118.1749753922761,71.59004322184846,68.13456073555471,64.27443652309067,0,0,0,0,0,0,0,0,0,0,0
2016-08-30,1.72,1.746,1.7,1.705,0.05917380217577328,0.06248020998841523,-0.003306407812641951,0.11223489385625718,0.11452742820082763,-0.0022925343445704544,170.29270423765732,145.33361635887601,64.34388366422522,65.12135189550298,62.56420866313902,0,0,0,0,0,0,0,0,0,0,0
2016-08-31,1.72,1.73,1.7,1.71,0.057771356329140655,0.061538439256560315,-0.00376708292741966,0.10970841576114676,0.11292109072093401,-0.0032126749597872484,130.1932367149762,132.9425556858146,65.6942383894834,65.66641199675163,62.909626649588155,0,0,0,0,0,0,0,0,0,0,0
2016-09-01,1.703,1.74,1.6380000000000001,1.669,0.0527435556649225,0.059779462538232755,-0.007035906873310252,0.094697144076056,0.10684644183930801,-0.012149297763252007,19.27813163482119,51.32349969690844,48.222852123013496,57.703282085365345,58.27965774343375,0,0,0,0,0,0,0,0,0,0,0
2016-09-02,1.6769999999999998,1.68,1.633,1.6669999999999998,0.048043785279396234,0.05743232708646545,-0.009388541807069217,0.08293639627292348,0.09887642665051317,-0.01594003037758969,-60.86956521739187,-22.00889721376794,47.50386362086765,57.33801211604281,58.060791212450994,0,0,0,0,0,0,0,0,0,0,0
2016-09-05,1.6880000000000002,1.775,1.67,1.758,0.051073380729147466,0.056160537815001854,-0.005087157085854388,0.09927339957700831,0.09900875095934489,0.0002646486176634266,158.37742504409098,182.47168882323942,70.69639909451399,67.43799558720596,64.44072230668978,0,0,0,0,0,0,0,0,0,0,0
2016-09-06,1.78,1.794,1.75,1.75,0.05222678593075725,0.05537378743815293,-0.0031470015073956845,0.10549904240593189,0.10117218144154055,0.0043268609643913325,186.19706498951996,222.54015737790291,67.63184354239165,65.95959930489921,63.54836652723692,0,0,0,0,-100,0,0,0,0,0,0
2016-09-07,1.784,1.7990000000000002,1.755,1.78,0.05492843632027178,0.0552847172145767,-0.00035628089430492227,0.11579853895736658,0.10604763394681589,0.00975090501055069,166.31944444444534,205.48634001899688,72.79182033909282,68.72816905222679,65.43313579340762,0,0,0,0,0,100,0,0,0,0,0
2016-09-08,1.797,1.7990000000000002,1.771,1.777,0.056179832650287365,0.055463740301718835,0.0007160923485685297,0.11930565643498525,0.11046697477620568,0.008838681658779574,143.69609585884564,172.12539104896896,71.46272496621526,68.13141837707117,65.07980884351771,0,0,0,0,0,0,0,0,0,0,0
2016-09-09,1.7619999999999998,1.828,1.76,1.82,0.05995024478747579,0.056361041198870226,0.003589203588605566,0.13124892194987514,0.11739429050076217,0.013854631449112975,145.74314574314613,171.88197233377974,78.1378620239269,71.89784609250036,67.70438450037831,0,0,0,100,0,0,0,0,0,0,0
2016-09-12,1.8,1.8019999999999998,1.7269999999999999,1.765,0.05783361333043002,0.05665555562518219,0.0011780577052478355,0.1210604424231414,0.11861634114155524,0.0024441012815861612,67.06800067831117,95.34504425015358,57.920619934689476,61.83182403240208,61.49685329945912,0,0,0,0,0,0,0,0,0,0,0
2016-09-13,1.787,1.787,1.7369999999999999,1.7369999999999999,0.05328259309108718,0.05598096311836319,-0.0026983700272760064,0.1046258360095842,0.11395283943089822,-0.009327003421314026,41.49128081779919,69.3126815101647,50.20532855507479,57.42408280012272,58.623692531582414,0,0,0,0,0,0,0,0,0,0,0
2016-09-14,1.7269999999999999,1.761,1.71,1.736,0.0490299978256068,0.05459077005981191,-0.005560772234205112,0.09206282760087081,0.10665616882088909,-0.014593341220018277,4.284621270084042,36.11222982950746,49.9282174372871,57.26706978774519,58.52116246354259,0,0,0,0,0,0,0,0,0,0,0
2016-09-15,1.757,1.757,1.715,1.735,0.04505967392443999,0.05268455083273753,-0.007624876908297537,0.08217014031388703,0.09849415931855507,-0.01632401900466804,-4.670728169422899,30.775295293603968,49.608762708169685,57.09893627768776,58.41389117139904,0,0,0,0,0,0,0,0,0,0,0
2016-09-16,1.74,1.74,1.646,1.646,0.034335805638062045,0.04901480179380243,-0.014678996155740386,0.04969751979404724,0.08222861281038579,-0.03253109301633855,-118.18181818181819,-73.49473468371507,29.80660351114368,44.559808601252485,49.87111627868004,0,0,0,0,0,0,0,0,0,0,0
2016-09-19,1.642,1.739,1.642,1.72,0.03144575720129228,0.0455009928753004,-0.01405523567400812,0.0488870268779622,0.07111475083291126,-0.022227723954949055,-66.66005815490352,-38.877823582997515,49.399461596052205,53.67000880377047,55.54678471061154,0,0,0,0,0,0,0,0,0,100,0
2016-09-20,1.7369999999999999,1.7369999999999999,1.672,1.689,0.026350183557654727,0.04167083101177126,-0.015320647454116536,0.03886029009972414,0.06036326392184889,-0.021502973822124752,-64.33240855894657,-43.07479006160258,43.46936707227324,49.965837771633,52.911668848214845,0,0,0,0,0,0,0,0,0,0,0
2016-09-21,1.71,1.744,1.709,1.74,0.026126014081213178,0.03856186762565965,-0.01243585354444647,0.045994191200468215,0.055573573014721996,-0.00957938181425378,-12.78879647401754,13.176393657021473,54.05531890661499,55.41736587191139,56.47819543550112,0,0,0,0,0,0,0,0,0,0,0
2016-09-22,1.7469999999999999,1.85,1.746,1.774,0.028364901083075766,0.036522474317142874,-0.008157573234067107,0.05907860687129829,0.05674191763358076,0.002336689237717529,96.34306761378546,116.82174696740819,59.896302801448286,58.65182310108017,58.66949100519597,0,0,0,0,0,0,0,0,0,0,-100
2016-09-23,1.7719999999999998,1.827,1.7719999999999998,1.817,0.03322596752518381,0.03586317295875106,-0.002637205433567255,0.07816733883309324,0.06388372470008492,0.014283614133008313,109.50207468879643,131.54533844188938,66.23074742595963,62.370109704500635,61.259706016487584,0,0,0,0,0,0,0,0,0,0,0
2016-09-26,1.818,1.82,1.7590000000000001,1.78,0.033704284908314674,0.03543139534866378,-0.0017271104403491083,0.07846084897879568,0.06874276612632184,0.009718082852473844,65.09139248919861,84.18657565415248,57.16624704923049,57.57255483735212,57.97691860601344,0,0,0,0,0,0,0,0,0,0,0
2016-09-27,1.815,1.815,1.771,1.7830000000000001,0.0339342568192198,0.035131967642774986,-0.001197710823555187,0.07802600631166778,0.07183717952143716,0.006188826790230625,68.48816029143842,80.80808080808092,57.71370425736902,57.85562058415062,58.16776665825534,0,0,0,0,0,0,0,0,0,0,0
2016-09-28,1.8030000000000002,1.828,1.778,1.81,0.035881565218712774,0.035281887157962544,0.0005996780607502306,0.08380729044140822,0.07582721649476085,0.007980073946647376,91.01978691019802,97.81477627471376,62.71708152550174,60.41535211210487,59.88921048848427,0,0,0,0,0,0,0,0,0,0,0
2016-09-29,1.815,1.837,1.7730000000000001,1.8,0.03620060666881453,0.03546563106013294,0.0007349756086815901,0.08311759358899651,0.0782573421928394,0.004860251396157103,87.16612377850171,87.70577298081764,59.6665363459465,58.98636822665395,58.94588657480345,0,0,0,-100,0,0,0,0,0,0,0
2016-09-30,1.808,1.808,1.74,1.8,0.036038025392753914,0.03558010992665713,0.0004579154660967824,0.08114412531916337,0.0792196032349474,0.0019245220842159794,45.52129221732715,44.672470978440984,59.6665363459465,58.98636822665394,58.94588657480344,0,0,0,0,0,0,0,0,0,0,0
2016-10-03,1.8,1.818,1.7519999999999998,1.78,0.033904515556606896,0.035244991052647084,-0.0013404754960401888,0.07284334668039505,0.07709418438342995,-0.0042508377030349015,41.46708318870695,42.24098016169818,52.68994988041145,55.91851209241059,56.9673377399003,0,0,0,0,0,0,0,0,0,0,0
2016-10-04,1.761,1.83,1.761,1.784,0.032165674339607264,0.03462912771003912,-0.002463453370431856,0.06737909074708903,0.07385581983798298,-0.006476729090893946,49.42912348498127,55.44041450777209,53.94642047784745,56.40684535746426,57.268541425563136,0,0,0,0,0,0,0,0,0,0,0
2016-10-05,1.78,1.829,1.7730000000000001,1.817,0.033069252595922416,0.03431715268721578,-0.001247900091293365,0.07185753903450576,0.0731897262368239,-0.001332187202318147,67.7609427609427,80.08008008008088,63.322123526555316,60.3129798116353,59.711342543077684,0,0,0,0,0,0,0,0,0,0,0
2016-10-06,1.82,1.84,1.79,1.8,0.03204420134265451,0.03386256241830353,-0.0018183610756490193,0.06862438538149962,0.07166794595171581,-0.0030435605702161944,75.22618204704516,81.92856681521675,56.418972202682326,57.456772153968735,57.92034170586567,0,0,0,0,0,0,0,0,0,0,0
2016-10-07,1.81,1.81,1.765,1.79,0.03007820162750008,0.03310569026014284,-0.0030274886326427594,0.06254009631513457,0.06862532940618873,-0.00608523309105416,15.379334019909688,42.03612479474565,52.491788964846656,55.78329825015652,56.866832418371,0,0,0,0,0,0,100,0,0,0,0
2016-10-10,1.7690000000000001,1.805,1.7690000000000001,1.796,0.028673749410470073,0.032219302090208284,-0.0035455526797382106,0.05921776437862469,0.06548947439700072,-0.006271710018376023,-1.3790386130819263,42.01301630259692,54.699087065005145,56.60007364528954,57.355496997171294,0,0,0,0,0,0,0,0,0,0,0
2016-10-11,1.775,1.804,1.775,1.79,0.0267679962556977,0.031129040923306168,-0.0043610446676084665,0.054362633818995754,0.061780527537665726,-0.0074178937186699725,-38.188761593019805,38.311180609851824,51.8865767683522,55.49608817623288,56.68123587749545,0,0,0,0,0,0,0,0,-100,0,0
2016-10-12,1.79,1.815,1.7830000000000001,1.791,0.025049608499044584,0.02991315443845385,-0.004863545939409266,0.050576762099618255,0.05804593905831657,-0.007469176958698316,11.811894882427158,48.12704988779533,52.36284910974918,55.65134840211899,56.77017127154449,0,0,0,0,0,100,0,0,0,0,0
2016-10-13,1.785,1.788,1.765,1.767,0.021503297766635177,0.028231183104090115,-0.006727885337454938,0.0405897917189062,0.05222722327851311,-0.011637431559606913,-154.03236774105756,-3.7468066988355444,40.999103654325594,51.04836130275879,53.97754851258361,0,0,0,0,0,0,0,0,0,0,0
2016-10-14,1.767,1.7930000000000001,1.767,1.775,0.01911797399888826,0.026408541283049744,-0.007290567284161484,0.03577225866958922,0.04674223507553848,-0.01096997640594926,-104.36924672630856,-5.202754399385907,45.591023703504,52.45988357689947,54.75651039654505,0,0,0,0,0,0,0,0,0,0,0
2016-10-17,1.7630000000000001,1.795,1.756,1.795,0.01862670353699092,0.024852173733837978,-0.00622547019684706,0.0376321034409528,0.04370552453067659,-0.006073421089723786,-68.94333085869914,-8.885157589112442,55.65684274349116,55.88467901699716,56.6811638631407,0,0,0,0,0,0,0,0,0,0,0
2016-10-18,1.774,1.817,1.774,1.791,0.0177104465820912,0.023423828303488624,-0.0057133817213974245,0.036995114899941894,0.04146872132043169,-0.004473606420489794,26.974951830440098,32.55372945638547,53.35370489974645,55.030802788824786,56.17929296196698,0,0,0,0,0,0,0,0,-100,0,0
2016-10-19,1.805,1.805,1.76,1.778,0.01575371595837116,0.02188980583446513,-0.006136089876093969,0.032297842209306316,0.03841176161672323,-0.006113919407416915,-69.11314984709631,-84.62796402289234,46.11769563250551,52.237288895768984,54.53160784305635,0,0,0,0,0,0,0,0,0,0,0
2016-10-20,1.8090000000000002,1.811,1.76,1.798,0.015636576968751426,0.02063916006132239,-0.005002583092570963,0.03429774751132664,0.037040423581591035,-0.002742676070264398,0.8698353525944572,-13.605442176869323,56.666275255545116,55.94268263638193,56.58835151800559,0,0,0,0,0,0,0,0,0,0,0
2016-10-21,1.805,1.808,1.79,1.796,0.015207062638209035,0.019552740576699718,-0.004345677938490684,0.03436624811794431,0.03614903176037546,-0.001782783642431153,65.46003016591129,60.68449813057319,55.40092251304114,55.479171636995325,56.320848269926216,0,0,0,0,0,0,0,0,0,0,0
2016-10-24,1.78,1.8730000000000002,1.78,1.84,0.018207220212419717,0.019283636503843717,-0.0010764162914239997,0.045995188349556626,0.03943108395676918,0.006564104392787443,233.48129359543586,255.23295070897936,71.64954259853585,62.78461582303415,60.62095447814847,0,0,0,100,0,0,0,0,0,0,0
2016-10-25,1.919,1.9769999999999999,1.9,1.93,0.027529768508882224,0.02093286290485142,0.006596905604030805,0.0774653509333576,0.05210917294896532,0.025356177984392284,367.98418972331945,477.6207302709021,84.83458499756274,72.66505270159062,67.49397948305389,0,0,0,0,0,0,0,0,0,0,0
2016-10-26,1.9369999999999998,2.092,1.936,2.02,0.04169951696327434,0.025086193716536004,0.016613323246738337,0.12084535420957754,0.07502123336916938,0.045824120840408156,280.43029342554024,390.89666571310545,90.16883395853134,78.74281898502096,72.5284637118156,0,0,0,0,0,0,0,0,0,0,0
2016-10-27,2.026,2.076,1.973,2.04,0.05392140516015376,0.030853236005259556,0.0230681691548942,0.15147636823146482,0.10050627832326786,0.05097008990819696,190.63196037365802,264.2996770355257,90.99042823789645,79.81677967522319,73.48661298843783,0,0,0,0,0,0,0,0,0,0,0
2016-10-28,2.046,2.046,1.966,2.01,0.06048930724990087,0.036780450254187816,0.023708856995713054,0.15962411098169982,0.12021222254274518,0.03941188843895464,124.73414304993294,177.0249617931733,79.38108958640689,73.79422138890759,69.66000237271443,0,-100,0,-100,0,0,0,0,0,0,0
2016-10-31,2.0140000000000002,2.1,2.004,2.09,0.07132752903246731,0.04368986600984372,0.02763766302262359,0.18402039139885362,0.141481612161448,0.04253877923740562,129.10821925525335,177.50059639436958,85.23996902907426,78.4614289297751,73.52073711273164,0,0,0,0,0,0,0,0,0,0,0
