Date,Open,High,Low,Close,SMA_20,SMA_50,macd,macdsignal,macdhist,cci,rsi,CDLXSIDEGAP3METHODS,CDLEVENINGSTAR,CDLMORNINGSTAR,CDLENGULFING,CDLDARKCLOUDCOVER,CDLDOJI,CDLHAMMER,CDLHANGINGMAN,CDLHARAMI,CDLPIERCING,CDLSHOOTINGSTAR
2015-08-03,4.534,4.5760000000000005,4.488,4.572,,,,,,,,0,0,0,0,0,0,0,0,0,0,0
2015-08-04,4.59,4.81,4.534,4.72,,,,,,,,0,0,0,0,0,0,0,0,0,0,0
2015-08-05,4.78,4.95,4.638,4.73,,,,,,,,0,0,0,0,0,0,0,0,0,0,0
2015-08-06,4.684,4.73,4.546,4.556,,,,,,,,0,0,0,0,0,0,0,0,0,0,0
2015-08-07,4.592,4.606,4.3919999999999995,4.41,,,,,,,,0,0,0,0,0,0,0,0,0,0,0
2015-08-10,4.4639999999999995,4.51,4.38,4.488,,,,,,,,0,0,0,0,0,0,0,0,0,0,0
2015-08-11,4.51,4.5280000000000005,4.4319999999999995,4.44,,,,,,,,0,0,0,-100,0,0,0,0,0,0,0
2015-08-12,4.498,4.498,4.412,4.45,,,,,,,,0,0,0,0,0,0,0,0,0,0,0
2015-08-13,4.48,4.48,4.3580000000000005,4.37,,,,,,,,0,0,0,0,0,0,0,0,0,0,0
2015-08-14,4.362,4.436,4.3580000000000005,4.38,,,,,,,,0,0,0,0,0,0,0,0,0,0,0
2015-08-17,4.4319999999999995,4.45,4.38,4.3839999999999995,,,,,,,,0,0,0,0,0,0,0,0,0,0,0
2015-08-18,4.386,4.436,4.28,4.28,,,,,,,,0,0,0,0,0,0,0,0,0,0,0
2015-08-19,4.314,4.354,4.252,4.263999999999999,,,,,,,,0,0,0,0,0,0,0,0,0,0,0
2015-08-20,4.252,4.342,4.252,4.262,,,,,,-116.20066142679252,,0,0,0,0,0,100,0,0,0,0,0
2015-08-21,4.258,4.33,4.256,4.256,,,,,,-103.36231884057962,31.100478468899517,0,0,0,0,0,100,0,0,0,0,0
2015-08-24,4.244,4.246,3.94,4.12,,,,,,-183.3801212417104,26.46414030692138,0,0,0,0,0,0,0,0,0,0,0
2015-08-25,4.12,4.343999999999999,4.102,4.186,,,,,,-103.69675025702935,31.77927273539994,0,0,0,0,0,0,0,0,0,0,0
2015-08-26,4.248,4.248,4.12,4.15,,,,,,-111.75804625586302,30.484946937025338,0,0,0,0,0,0,0,0,0,0,0
2015-08-27,4.218,4.26,4.14,4.24,,,,,,-72.70044269552429,37.35429677116946,0,0,0,0,0,0,0,0,100,0,0
2015-08-28,4.262,4.266,4.19,4.236000000000001,4.3747,,,,,-52.82358820589727,37.17845168364095,0,0,0,0,0,0,0,-100,0,0,0
2015-08-31,4.23,4.284,4.19,4.284,4.3603000000000005,,,,,-29.358486212069415,40.78105364246631,0,0,0,100,0,0,0,0,0,0,0
2015-09-01,4.242,4.266,4.128,4.192,4.3339,,,,,-67.98767062967853,36.46474849016335,0,0,0,0,0,0,0,0,0,0,0
2015-09-02,4.14,4.24,4.126,4.126,4.3037,,,,,-86.4510079699954,33.708408780275825,0,0,0,0,0,0,0,0,0,0,0
2015-09-03,4.14,4.2,4.126,4.138,4.2828,,,,,-85.90051707814443,34.67525902107545,0,0,0,0,0,100,0,0,0,0,0
2015-09-04,4.176,4.184,4.128,4.132,4.2689,,,,,-86.04353393085772,34.40506370253672,0,0,0,0,0,0,0,0,0,0,0
2015-09-07,4.162,4.192,4.112,4.13,4.251,,,,,-80.09123492994534,34.309094741309,0,0,0,0,0,0,0,0,0,0,0
2015-09-08,4.18,4.218,4.128,4.18,4.238000000000001,,,,,-30.22319795096986,38.89779807502978,0,0,0,0,0,100,0,0,0,0,0
2015-09-09,4.216,4.298,4.212,4.298,4.230400000000001,,,,,119.1281473130394,48.11002958434877,0,0,0,0,0,0,0,0,0,0,0
2015-09-10,4.298,4.35,4.27,4.338,4.228800000000001,,,,,181.05992171032867,50.81701273831977,0,0,0,0,0,0,0,0,0,0,0
2015-09-11,4.292,4.45,4.292,4.368,4.2282,,,,,198.18189764433373,52.80557316643133,0,0,0,0,0,0,0,0,0,0,0
2015-09-14,4.314,4.46,4.2219999999999995,4.4239999999999995,4.230200000000001,,,,,147.39450580572034,56.353123114008795,0,0,0,0,0,0,0,0,0,0,0
2015-09-15,4.37,4.448,4.212,4.428,4.2376000000000005,,,,,114.15028313291336,56.6040479627249,0,0,0,0,0,0,0,0,0,0,0
2015-09-16,4.4319999999999995,4.448,4.32,4.4239999999999995,4.2456000000000005,,,,,118.63406408094481,56.255757041358265,0,0,0,0,0,100,0,0,0,0,0
2015-09-17,4.37,4.42,4.332,4.334,4.2492,,-0.023039617293224346,-0.07885622203304592,0.05581660473982157,75.96048298572943,48.95659405394361,0,0,0,0,0,0,0,0,0,0,0
2015-09-18,4.334,4.4,4.21,4.2139999999999995,4.2471000000000005,,-0.029645610324744887,-0.06901409969138571,0.03936848936664082,7.660488009214956,41.26805971705251,0,0,0,0,0,0,0,0,0,0,0
2015-09-21,4.212,4.216,4.112,4.132,4.2477,,-0.041024714718958855,-0.06341622269690034,0.022391507977941483,-80.24579429837834,36.99276158142681,0,0,0,0,0,0,0,0,0,0,0
2015-09-22,4.176,4.176,4.1160000000000005,4.1739999999999995,4.2471000000000005,,-0.04612202198258508,-0.059957382554037285,0.013835360571452203,-77.69615192403755,40.3986363317404,0,0,0,0,0,100,0,0,100,0,0
2015-09-23,4.198,4.25,4.102,4.102,4.2447,,-0.05533362144004084,-0.059032630331238,0.0036990088911971614,-80.21923268560042,36.73289915706845,0,0,0,0,0,0,0,0,0,0,0
2015-09-24,4.1339999999999995,4.148,4.064,4.1,4.2377,,-0.0620796481210677,-0.05964203388920394,-0.002437614231863762,-108.3117630140924,36.6334606151823,0,0,0,0,0,0,100,0,0,0,0
2015-09-25,4.132,4.3,4.132,4.3,4.2409,,-0.05070312032846935,-0.05785425117705702,0.007151130848587664,-16.03753800985624,50.936867602958294,0,0,0,0,0,0,0,0,0,0,0
2015-09-28,4.3,4.3,4.126,4.1819999999999995,4.235799999999999,,-0.05062517837895797,-0.056408436617437205,0.005783258238479236,-50.70498331718854,44.54773593723335,0,0,0,0,0,0,0,0,0,0,0
2015-09-29,4.152,4.288,4.15,4.22,4.2372,,-0.04695584860792845,-0.05451791901553545,0.007562070407607001,-33.42406096897005,46.859387802077954,0,0,0,0,0,0,0,0,0,0,0
2015-09-30,4.272,4.29,4.258,4.272,4.2445,,-0.039397760056746556,-0.05149388722377767,0.012096127167031116,10.633484162896599,49.93506821115904,0,0,0,0,0,100,0,0,0,0,0
2015-10-01,4.29,4.41,4.262,4.388,4.257,,-0.023773642131384776,-0.04594983820529909,0.022176196073914314,75.9992350353802,56.046555305888866,0,0,0,0,0,0,0,0,0,0,0
2015-10-02,4.39,4.498,4.38,4.496,4.2752,,-0.0026462147866554986,-0.03728911352157037,0.03464289873491487,143.8820813354654,60.839593710469394,0,0,0,0,0,0,0,0,0,0,0
2015-10-05,4.5,4.638,4.5,4.638,4.3006,,0.02526440452658374,-0.024778409911939546,0.050042814438523285,191.86264001849455,66.07747274174798,0,0,0,0,0,0,0,0,0,0,0
2015-10-06,4.638,4.638,4.562,4.6,4.321599999999999,,0.04381244638708104,-0.011060238652135427,0.05487268503921647,160.22297503181554,63.624935744458,0,0,0,0,0,0,0,0,0,0,0
2015-10-07,4.61,4.62,4.55,4.6,4.336699999999999,,0.057845100877361055,0.0027208292537638703,0.05512427162359718,125.58554402153067,63.624935744458014,0,0,0,0,0,100,0,0,0,0,0
2015-10-08,4.628,4.638,4.59,4.626,4.3511,,0.07025421649365171,0.01622750670174144,0.05402670979191027,110.21888080194086,64.6656194240423,0,0,0,0,0,100,0,-100,0,0,0
2015-10-09,4.6,4.632,4.584,4.6,4.362699999999999,4.33868,0.07710176614751241,0.028402358590895634,0.048699407556616774,88.28059473884892,62.73278683706114,0,0,0,0,0,100,0,0,0,0,0
2015-10-12,4.638,4.638,4.558,4.574,4.370199999999999,4.33872,0.07951392879771646,0.0386246726322598,0.04088925616545666,70.74685116196595,60.77646232053387,0,0,0,-100,0,0,0,0,0,0,0
2015-10-13,4.63,4.63,4.426,4.548,4.376199999999999,4.335280000000001,0.07842358410716166,0.04658445492724017,0.03183912917992149,42.82026197075977,58.80167338482294,0,0,0,0,0,0,0,0,0,0,0
2015-10-14,4.578,4.578,4.44,4.47,4.3785,4.330080000000001,0.07045338716604732,0.0513582413750016,0.019095145791045723,19.204668181891694,53.21532606147312,0,0,0,0,0,0,0,0,0,0,0
2015-10-15,4.422,4.57,4.42,4.57,4.390299999999999,4.330360000000001,0.07138325124732692,0.05536324334946666,0.016020007897860254,24.055509905962236,58.64038892849194,0,0,0,0,0,0,0,0,0,100,0
2015-10-16,4.5760000000000005,4.63,4.434,4.63,4.411099999999999,4.33476,0.07608461767855967,0.059507518215285264,0.01657709946327441,42.09768174656759,61.52332268335153,0,0,0,0,0,0,0,-100,0,0,0
2015-10-19,4.6,4.65,4.574,4.646,4.436799999999999,4.33792,0.08017731653290294,0.0636414778788088,0.016535838654094137,79.43779281624228,62.278417581031285,0,0,0,0,0,0,0,0,0,0,0
2015-10-20,4.644,4.65,4.5,4.596,4.4578999999999995,4.3410400000000005,0.0784815413728257,0.06660949057761219,0.011872050795213515,35.25280338401385,58.42007496777046,0,0,0,0,0,0,100,0,0,0,0
2015-10-21,4.644,4.644,4.524,4.586,4.482099999999999,4.3437600000000005,0.0754608452631036,0.06837976151471047,0.007081083748393127,28.08259587020535,57.65079713865426,0,0,0,0,0,0,0,0,0,0,0
2015-10-22,4.612,4.612,4.502,4.564,4.5053,4.347640000000001,0.07047926460433995,0.06879966213263636,0.0016796024717035951,-37.49026934454176,55.90661564957755,0,0,0,0,0,0,0,0,0,0,0
2015-10-23,4.56,4.624,4.56,4.618,4.521199999999999,4.3524,0.07008082659984627,0.06905589502607834,0.0010249315737679288,54.857756307031025,59.17176272728244,0,0,0,100,0,0,0,0,0,0,0
2015-10-26,4.62,4.68,4.562,4.67,4.545599999999999,4.35812,0.07311816632168355,0.06986834928519939,0.003249817036484165,123.55017650025218,62.083497744123186,0,0,0,0,0,0,0,-100,0,0,0
2015-10-27,4.686,4.686,4.55,4.55,4.562099999999999,4.363520000000001,0.06509194341062496,0.0689130681102845,-0.003821124699659534,33.4976073137639,52.736628511250316,0,0,0,-100,0,0,0,0,0,0,0
2015-10-28,4.5280000000000005,4.6160000000000005,4.5280000000000005,4.55,4.575999999999999,4.369240000000001,0.05806180359813595,0.06674281520785479,-0.008681011609718833,-23.76927639383093,52.736628511250316,0,0,0,0,0,0,0,0,0,0,0
2015-10-29,4.5280000000000005,4.6,4.524,4.538,4.583499999999999,4.374760000000001,0.050934921367859154,0.06358123643985567,-0.012646315071996511,-39.78835978836235,51.83161697693151,0,0,0,0,0,100,0,0,0,0,0
2015-10-30,4.593999999999999,4.593999999999999,4.46,4.584,4.587899999999999,4.381320000000001,0.0484402424539061,0.06055303764266575,-0.01211279518875965,-50.39915649947441,55.01830013557728,0,0,0,0,0,100,0,-100,0,0,0
2015-11-02,4.584,4.584,4.49,4.558,4.583899999999998,4.390080000000001,0.04385962230817153,0.05721435457576691,-0.013354732267595378,-57.39290649470376,52.88850274939134,0,0,0,0,0,0,0,0,0,0,0
2015-11-03,4.502,4.622,4.5,4.5,4.578899999999999,4.3963600000000005,0.03514421196825879,0.05280032605426528,-0.017656114086006494,-79.47546531302935,48.38850160228533,0,0,0,0,0,100,0,0,0,0,0
2015-11-04,4.556,4.61,4.556,4.6,4.578899999999999,4.405360000000001,0.035892603160996295,0.04941878147561148,-0.013526178314615188,30.708661417324,55.42979825476514,0,0,0,0,0,0,0,0,0,0,0
2015-11-05,4.6160000000000005,4.628,4.52,4.592,4.577199999999999,4.412400000000001,0.03543174038424102,0.04662137325733739,-0.011189632873096371,3.9524922118370247,54.78585252384186,0,0,0,0,-100,0,0,0,0,0,0
2015-11-06,4.62,4.62,4.57,4.59,4.576699999999999,4.419480000000001,0.0345073408824037,0.04419856678235065,-0.009691225899946948,52.37793278376955,54.61503089991609,0,0,0,0,0,0,0,0,0,0,0
2015-11-09,4.6,4.78,4.56,4.6739999999999995,4.5817,4.427280000000001,0.04009070490937017,0.043376994407754554,-0.003286289498384387,215.79558652729332,60.22452584889402,0,0,0,0,0,0,0,0,0,0,0
2015-11-10,4.7,4.7,4.57,4.694,4.5889999999999995,4.437320000000001,0.045603702880248065,0.04382233610225326,0.001781366777994807,137.751595483556,61.446360649416796,0,0,0,0,0,100,0,0,0,0,0
2015-11-11,4.66,4.692,4.522,4.548,4.592899999999999,4.445760000000001,0.037756579320334716,0.04260918474586955,-0.0048526054255348325,-5.515908415106175,49.49392166627871,0,-100,0,0,0,0,0,0,0,0,0
2015-11-12,4.6,4.622,4.5,4.5,4.5893999999999995,4.453,0.02734921380393196,0.03955719055748203,-0.012207976753550072,-91.5089762251337,46.30487997083496,0,0,0,0,0,0,0,0,0,0,0
2015-11-13,4.574,4.574,4.274,4.428,4.579299999999999,4.458920000000001,0.013140033256277661,0.03427375909724116,-0.0211337258409635,-243.85754301720544,41.9396322768337,0,0,0,0,0,0,0,0,0,0,0
2015-11-16,4.29,4.394,4.25,4.27,4.560499999999999,4.461720000000001,-0.010746248178564954,0.025269757642079935,-0.03601600582064489,-288.23529411764565,34.298373205696734,0,0,0,0,0,0,0,0,0,0,0
2015-11-17,4.322,4.3580000000000005,4.274,4.276,4.544499999999998,4.463640000000001,-0.028859474394711704,0.014443911234721607,-0.04330338562943331,-190.17341040462424,34.784300517625674,0,0,0,0,0,0,0,0,0,0,0
2015-11-18,4.308,4.3660000000000005,4.18,4.33,4.531699999999999,4.464280000000001,-0.03841417328890362,0.0038722943299965614,-0.04228646761890018,-141.90225728687238,39.146522675662915,0,0,0,0,0,0,0,0,0,0,0
2015-11-19,4.37,4.4,4.34,4.34,4.520499999999998,4.464320000000002,-0.04466455933661706,-0.005835076403326164,-0.038829482933290894,-80.04545810800202,39.94760450768014,0,0,0,0,0,0,0,0,0,0,0
2015-11-20,4.39,4.39,4.236000000000001,4.24,4.501599999999998,4.461760000000002,-0.057029795592385746,-0.016074020241138083,-0.04095577535124766,-98.38299355288389,34.98751750321386,0,0,0,0,0,0,0,0,0,0,0
2015-11-23,4.348,4.348,4.212,4.212,4.478699999999998,4.4575200000000015,-0.06830136478887194,-0.026519489150684854,-0.04178187563818709,-95.50033579583646,33.724843579594314,0,0,0,0,0,0,0,0,0,0,0
2015-11-24,4.263999999999999,4.31,4.2,4.2,4.461199999999999,4.452960000000001,-0.07731126812185796,-0.03667784494491948,-0.04063342317693848,-91.311008973517,33.17230622155257,0,0,0,0,0,0,0,0,0,0,0
2015-11-25,4.2,4.292,4.19,4.262,4.446799999999999,4.449720000000001,-0.0785434001562848,-0.04505095598719254,-0.033492444169092264,-76.1307884657992,38.75539657631447,0,0,0,0,0,0,0,0,0,0,0
2015-11-26,4.29,4.34,4.256,4.3,4.434899999999999,4.449040000000001,-0.07558232525270192,-0.051157229840294416,-0.024425095412407505,-46.29248903508776,41.956141376367704,0,0,0,0,0,100,0,0,0,0,0
2015-11-27,4.34,4.42,4.336,4.35,4.423199999999999,4.451760000000001,-0.06841245374416616,-0.054608274621068764,-0.013804179123097393,-0.18210197710699838,45.95820577169271,0,0,0,0,0,100,0,0,0,0,-100
2015-11-30,4.39,4.513999999999999,4.39,4.4,4.415299999999999,4.457120000000001,-0.05802679995549287,-0.05529197968795359,-0.0027348202675392813,63.62621591452752,49.693594206469434,0,0,0,0,0,100,0,0,0,0,-100
2015-12-01,4.454,4.478,4.406000000000001,4.478,4.414199999999999,4.463200000000001,-0.04300639542071494,-0.05283486283450586,0.009828467413790919,98.77536099433385,54.927511208670495,0,0,0,0,0,0,0,0,0,0,0
2015-12-02,4.446000000000001,4.548,4.446000000000001,4.52,4.410199999999999,4.471560000000001,-0.02739774348696411,-0.04774743896499751,0.0203496954780334,152.47700602600707,57.49207116977815,0,0,0,0,0,0,0,0,0,0,0
2015-12-03,4.488,4.54,4.42,4.434,4.4022999999999985,4.478240000000001,-0.02171691654756369,-0.04254133448151075,0.020824417933947056,107.7217264614832,51.08278413219639,0,0,0,0,0,0,0,0,0,0,0
2015-12-04,4.488,4.53,4.404,4.51,4.398299999999999,4.48244,-0.010955961919286494,-0.0362242599690659,0.025268298049779404,101.78710178710185,55.774916479180995,0,0,0,0,0,0,0,0,0,0,0
2015-12-07,4.552,4.552,4.406000000000001,4.452,4.387199999999998,4.487840000000001,-0.0070269409208432165,-0.030384796159421364,0.023357855238578147,79.14577530176403,51.69930904487675,0,0,0,-100,0,0,0,0,0,0,0
2015-12-08,4.42,4.504,4.4,4.474,4.376199999999999,4.492920000000001,-0.00211358326199651,-0.024730553579936393,0.022616970317939883,60.79295154185053,53.0992589409815,0,0,0,0,0,0,0,0,0,0,0
2015-12-09,4.5,4.5,4.4,4.4,4.3687999999999985,4.4954800000000015,-0.004143134004928939,-0.020613069664934904,0.016469935660005965,36.058311440787634,48.05401098887819,0,0,0,-100,0,0,0,0,0,0,0
2015-12-10,4.45,4.49,4.37,4.454,4.3664999999999985,4.496800000000001,-0.001378330353324131,-0.01676612180261275,0.015387791449288618,33.921046795298,51.6632699661097,0,0,0,0,0,100,0,0,100,0,0
2015-12-11,4.482,4.482,4.322,4.38,4.364099999999999,4.494480000000001,-0.005099600080946232,-0.014432817458279446,0.009333217377333215,-11.104555883316706,46.85845533295802,0,0,0,-100,0,0,0,0,0,0,0
2015-12-14,4.36,4.436,4.21,4.21,4.361099999999999,4.485920000000001,-0.021518263256935732,-0.015849906618010702,-0.00566835663892503,-128.0843757664956,38.09353606982815,0,0,0,0,0,0,0,0,0,0,0
2015-12-15,4.24,4.346,4.232,4.258,4.360199999999998,4.4790800000000015,-0.030307606050010705,-0.018741446504410703,-0.011566159545600002,-143.45166135472914,41.42510258079179,0,0,0,0,0,0,0,0,100,0,0
2015-12-16,4.25,4.446000000000001,4.25,4.42,4.364699999999998,4.475480000000001,-0.023925380534043583,-0.01977823331033728,-0.004147147223706304,-54.49911620832783,51.00798671565264,0,0,0,0,0,0,0,0,0,0,0
2015-12-17,4.41,4.56,4.41,4.474,4.371399999999999,4.472440000000001,-0.01434471518068925,-0.018691529684407675,0.0043468145037184255,70.88911774802541,53.725607498474034,0,0,0,0,0,0,0,0,0,0,0
2015-12-18,4.5280000000000005,4.54,4.44,4.518,4.385299999999999,4.4708000000000006,-0.0031650518391082016,-0.01558623411534778,0.01242118227623958,83.59489946052027,55.8734722136721,0,0,0,0,0,100,0,0,0,0,0
2015-12-21,4.518,4.532,4.482,4.52,4.400699999999999,4.469720000000001,0.005789556782803906,-0.011311075935717443,0.01710063271852135,89.21004190655162,55.97350498768138,0,0,0,0,0,100,0,-100,0,0,0
2015-12-22,4.486000000000001,4.54,4.4,4.428,4.412099999999998,4.467320000000001,0.005400266594469905,-0.007968807429679974,0.013369074024149878,30.588044184536006,50.322247427356814,0,0,0,0,0,0,0,0,0,0,0
2015-12-23,4.458,4.52,4.442,4.518,4.424899999999998,4.468280000000001,0.012213212839000676,-0.003932403375943844,0.01614561621494452,71.22513922036622,55.098256751792064,0,0,0,0,0,0,0,0,0,0,0
2015-12-24,4.518,4.518,4.518,4.518,4.435799999999999,4.467240000000001,0.01741180932301667,0.00033643916384825875,0.01707537015916841,94.13308630538813,55.098256751792064,0,0,0,0,0,100,0,0,0,0,0
2015-12-25,4.518,4.518,4.518,4.518,4.444199999999999,4.465000000000001,0.021286358598835875,0.004526423050845782,0.016759935547990094,86.53490265748718,55.098256751792064,0,0,0,0,0,100,0,0,0,0,0
2015-12-28,4.462,4.516,4.45,4.506,4.449499999999999,4.462200000000001,0.023122129585886775,0.008245564357853981,0.014876565228032794,52.70600057421694,54.23002469878179,0,0,0,0,0,0,0,0,0,0,0
2015-12-29,4.45,4.556,4.45,4.556,4.4533999999999985,4.461400000000001,0.02828551563459225,0.012253554613201635,0.016031961021390616,73.80465876583602,57.2526258309191,0,0,0,0,0,0,0,0,0,0,0
2015-12-30,4.52,4.59,4.508,4.57,4.455899999999998,4.461080000000001,0.03312537062278498,0.016427917815118303,0.016697452807666675,95.66032854740662,58.08724637723596,0,0,0,0,0,0,0,0,0,0,0
2015-12-31,4.57,4.57,4.57,4.57,4.462699999999998,4.461200000000002,0.036539782700454104,0.020450290792185463,0.016089491908268642,99.33809902038689,58.08724637723596,0,0,0,0,0,100,0,0,0,0,0
2016-01-01,4.57,4.57,4.57,4.57,4.465699999999998,4.4602400000000015,0.0387984840980522,0.02411992945335881,0.014678554644693389,104.54940848990974,58.08724637723594,0,0,0,0,0,100,0,0,0,0,0
2016-01-04,4.58,4.58,4.4,4.502,4.468199999999998,4.456880000000002,0.034701472553742896,0.026236238073435628,0.008465234480307268,-18.80819366852978,51.93574757660356,0,0,0,-100,0,0,0,0,0,0,0
2016-01-05,4.524,4.524,4.45,4.52,4.470499999999998,4.456280000000001,0.032532002283372385,0.02749539091542298,0.005036611367949407,-38.55400071761821,53.344237428893095,0,0,0,0,0,100,0,0,100,0,0
2016-01-06,4.5,4.5,4.4,4.42,4.471499999999997,4.453680000000001,0.022484331817602232,0.02649317909585883,-0.004008847278256598,-165.5913978494602,45.38679937118623,0,0,0,0,0,0,0,0,0,0,0
2016-01-07,4.316,4.422,4.28,4.36,4.466799999999997,4.450120000000001,0.00956966883937671,0.023108477044562405,-0.013538808205185694,-252.0446096654281,41.39666899731433,0,0,0,0,0,0,0,0,0,0,0
2016-01-08,4.38,4.44,4.336,4.3660000000000005,4.466099999999998,4.445760000000002,-0.000179080432331169,0.01845096554918369,-0.01863004598151486,-154.9479166666656,41.94630112110739,0,0,0,0,0,0,0,0,0,0,0
2016-01-11,4.398,4.398,4.22,4.22,4.466599999999998,4.439000000000002,-0.01946167224996742,0.010868437989353469,-0.03033011023932089,-202.92825768667646,33.67087299609048,0,-100,0,0,0,0,0,0,0,0,0
2016-01-12,4.25,4.306,4.22,4.306,4.4689999999999985,4.435120000000001,-0.027486931682588533,0.0031973640549650684,-0.030684295737553602,-148.97051556580314,41.04857919295774,0,0,0,0,0,0,0,0,0,0,0
2016-01-13,4.343999999999999,4.343999999999999,4.22,4.22,4.458999999999998,4.427520000000002,-0.040321685577860755,-0.005506445871600096,-0.03481523970626066,-127.16699895566326,36.657560207552145,0,0,0,-100,0,0,0,0,0,0,0
2016-01-14,4.23,4.23,4.09,4.11,4.440799999999998,4.417880000000002,-0.058692826828255384,-0.016143722062931153,-0.04254910476532423,-158.5650613339639,31.94980082395332,0,0,0,0,0,0,0,0,0,0,0
2016-01-15,4.16,4.19,3.952,4.19,4.424399999999998,4.409880000000002,-0.06603554060758743,-0.02612208577186241,-0.03991345483572502,-141.36807817589562,38.16905843550443,0,0,0,0,0,0,0,0,100,0,0
2016-01-18,4.21,4.21,4.01,4.04,4.4003999999999985,4.3972000000000016,-0.08300164923119357,-0.03749799846372864,-0.04550365076746493,-127.18770875083504,32.22263128263288,0,0,0,-100,0,0,0,0,0,0,0
2016-01-19,4.136,4.136,4.012,4.012,4.379599999999998,4.383560000000002,-0.0975819149707009,-0.0495147817651231,-0.0480671332055778,-120.05092297899427,31.24412312127256,0,0,0,0,0,0,0,0,0,0,0
2016-01-20,4.1,4.1,3.94,3.94,4.350699999999998,4.371400000000001,-0.11363674522278533,-0.062339174456655544,-0.051297570766129785,-128.4436764884202,28.82050502937289,0,0,0,0,0,0,0,0,0,0,0
2016-01-21,3.91,4.04,3.91,3.98,4.3237999999999985,4.3610000000000015,-0.12172942709866064,-0.07421722498505656,-0.047512202113604074,-114.37420349130139,31.977407766754112,0,0,0,0,0,0,0,0,0,0,0
2016-01-22,3.986,4.224,3.986,4.198,4.3077999999999985,4.356400000000002,-0.1092923040430227,-0.08123224079664979,-0.02806006324637292,-36.3920517972762,46.02700830647609,0,0,0,0,0,0,0,0,0,0,0
2016-01-25,4.244,4.244,4.048,4.048,4.284899999999999,4.351960000000002,-0.11026843493626348,-0.08703947962457252,-0.02322895531169096,-38.795853269537616,39.91765468076758,0,0,0,0,-100,0,0,0,0,0,0
2016-01-26,4.0760000000000005,4.0760000000000005,4.004,4.02,4.258099999999999,4.346840000000001,-0.11201020774508397,-0.09203362524867481,-0.019976582496409157,-75.28189849585198,38.88021552347038,0,0,0,0,0,0,0,0,0,0,0
2016-01-27,4.002,4.07,3.99,4.038,4.231499999999999,4.341000000000001,-0.11066247752128167,-0.09575939570319618,-0.014903081818085487,-70.34993397472161,39.96048951206673,0,0,0,0,0,0,0,0,0,0,0
2016-01-28,4.0,4.006,3.9219999999999997,3.97,4.2014999999999985,4.3336000000000015,-0.1137699540978323,-0.0993615073821234,-0.0144084467157089,-109.62879216129694,37.27979853483351,0,0,0,0,0,0,100,0,0,0,0
2016-01-29,3.99,4.048,3.9819999999999998,4.0,4.172999999999999,4.328800000000001,-0.11251490065669323,-0.10199218603703737,-0.010522714619655857,-66.08150470219499,39.217087844427276,0,0,0,0,0,100,0,0,0,0,0
2016-02-01,4.0,4.052,3.924,4.044,4.150099999999999,4.325440000000001,-0.10673940407851656,-0.10294162964533321,-0.003797774433183354,-60.72324414715705,42.04455387293996,0,0,0,0,0,0,100,0,0,0,0
2016-02-02,4.09,4.09,3.944,3.992,4.1236999999999995,4.321280000000002,-0.10514618705483336,-0.10338254112723325,-0.001763645927600116,-51.44946927125194,39.694480790014445,0,0,0,-100,0,0,0,0,0,0,0
2016-02-03,4.0,4.0,3.9,3.95,4.100199999999999,4.3150400000000015,-0.1060501203034594,-0.10391605696247848,-0.0021340633409809157,-119.09441233140578,37.85406975814894,0,0,0,0,0,0,100,0,0,0,0
2016-02-04,3.9019999999999997,3.998,3.9019999999999997,3.988,4.0816,4.3088000000000015,-0.10251844270277122,-0.10363653411053703,0.0011180914077658088,-90.39102758411647,40.54020041103,0,0,0,0,0,0,0,0,0,0,0
2016-02-05,4.0,4.05,3.94,3.98,4.0623,4.301400000000001,-0.09922133412442236,-0.1027534941133141,0.0035321599888917393,-43.49952754154835,40.14678058874225,0,0,0,0,-100,0,0,0,0,0,0
2016-02-08,4.05,4.05,3.812,3.85,4.043799999999999,4.290400000000001,-0.1058777723137565,-0.10337834975340257,-0.002499422560353931,-159.1230026012643,34.31854312328094,0,0,0,0,0,0,0,0,0,0,0
2016-02-09,3.812,3.838,3.602,3.602,4.0085999999999995,4.272880000000001,-0.12966982192290732,-0.10863664418730352,-0.0210331777356038,-306.2018701870191,26.434477138260192,0,0,0,0,0,0,0,0,0,0,0
2016-02-10,3.6460000000000004,3.75,3.55,3.6,3.9776,4.25448,-0.1469921420221234,-0.1163077437542675,-0.030684398267855906,-227.44846584972012,26.38184033653012,0,0,0,0,0,0,0,0,0,0,0
2016-02-11,3.65,3.65,3.37,3.37,3.9406,4.2332,-0.17723621455544558,-0.12849343791450313,-0.04874277664094245,-216.9930761622154,21.162956488511597,0,0,0,0,0,0,0,0,0,0,0
2016-02-12,3.4139999999999997,3.55,3.22,3.5,3.9061,4.213000000000001,-0.1885415566877584,-0.1405030616691542,-0.048038495018604216,-164.1552685871477,29.635718375044306,0,0,0,0,0,0,0,0,100,0,0
2016-02-15,3.5,3.752,3.5,3.72,3.8900999999999994,4.198360000000001,-0.17770053919384043,-0.14794255717409144,-0.029757982019748996,-62.94353817774076,41.160387995779764,0,0,0,0,0,0,0,0,0,0,0
2016-02-16,3.766,3.8280000000000003,3.668,3.668,3.8729,4.182240000000001,-0.17132993529753637,-0.15262003279878042,-0.018709902498755954,-32.87060839760024,39.51305214548152,0,0,0,0,-100,0,0,0,0,0,0
2016-02-17,3.6239999999999997,3.918,3.6,3.918,3.8718000000000004,4.172600000000001,-0.1444432235805171,-0.15098467095512774,0.006541447374610654,3.9183820873962443,49.895520048521504,0,0,0,100,0,0,0,0,0,0,0
2016-02-18,3.87,4.198,3.87,4.126,3.8791,4.166040000000001,-0.10513946683834519,-0.14181563013177123,0.036676163293426045,96.41302146618105,56.574255070304815,0,0,0,0,0,0,0,0,0,0,0
2016-02-19,4.0760000000000005,4.15,4.022,4.026,3.8705000000000007,4.158960000000001,-0.08112496264617786,-0.12967749663465256,0.0485525339884747,93.43753876690229,52.921888679666964,0,0,0,0,0,0,0,0,-100,0,0
2016-02-22,4.0760000000000005,4.19,4.05,4.19,3.8776,4.158560000000001,-0.04830305807799906,-0.11340260892332185,0.06509955084532279,112.41117170715603,57.74036537442646,0,0,0,0,0,0,0,0,0,0,0
2016-02-23,4.1339999999999995,4.184,4.07,4.074,3.8803000000000005,4.154880000000001,-0.031290989734519936,-0.09698028508556147,0.06568929535104154,91.2551681098371,53.564320508845675,0,0,0,0,0,0,0,0,0,0,0
2016-02-24,4.124,4.124,3.8960000000000004,3.932,3.875000000000001,4.145120000000001,-0.028933489012597846,-0.08337092587096875,0.05443743685837091,49.322493224932,48.90175337782838,0,0,0,0,0,0,0,0,0,0,0
2016-02-25,3.98,4.0280000000000005,3.964,3.98,3.875500000000001,4.135240000000001,-0.022927658087871006,-0.07128227231434921,0.0483546142264782,51.463074779377756,50.47119415146615,0,0,0,0,0,100,0,0,100,0,0
2016-02-26,4.0,4.12,3.984,4.11,3.881000000000001,4.127080000000001,-0.007590580775474365,-0.05854393400657424,0.050953353231099875,69.73886328724993,54.54333939098388,0,0,0,0,0,0,0,0,0,0,0
2016-02-29,4.096,4.198,4.07,4.11,3.884300000000001,4.118880000000002,0.004512150233104251,-0.045932717158638545,0.050444867391742795,75.41114875269483,54.54333939098389,0,0,0,0,0,100,0,0,0,0,0
2016-03-01,4.16,4.2219999999999995,4.1080000000000005,4.22,3.8957000000000006,4.114720000000002,0.022717855151698885,-0.03220260269657106,0.054920457848269946,83.35873338413337,57.93711524893222,0,0,0,0,0,0,0,0,0,0,0
2016-03-02,4.2219999999999995,4.272,4.02,4.192,3.9078000000000004,4.108200000000002,0.034489072906703555,-0.018864267575916138,0.05335334048261969,73.35878834160599,56.77514788115313,0,0,0,0,0,0,0,0,0,0,0
2016-03-03,4.244,4.244,4.148,4.15,3.9159000000000006,4.100840000000002,0.03996807174145989,-0.007097799712440933,0.04706587145390082,80.79537903184526,54.9934900986427,0,0,0,0,0,0,0,0,0,0,0
2016-03-04,4.2,4.25,4.14,4.17,3.9254000000000007,4.093880000000001,0.04540069964058269,0.003401900158163792,0.04199879948241889,83.83104298801952,55.70629941843413,0,0,0,0,0,0,0,0,100,0,0
2016-03-07,4.15,4.26,4.15,4.224,3.944100000000001,4.088240000000002,0.05344733745738228,0.01341098761800749,0.04003634983937479,98.49839716551375,57.65630233440909,0,0,0,100,0,0,0,0,0,0,0
2016-03-08,4.254,4.254,4.18,4.226,3.9753000000000007,4.081640000000001,0.05930214101803788,0.022589218298013566,0.03671292272002431,104.17295123177466,57.73052577129515,0,0,0,0,0,0,0,0,0,0,0
2016-03-09,4.23,4.244,4.1819999999999995,4.244,4.007500000000001,4.075120000000001,0.06464932738586793,0.031001240115584437,0.03364808727028349,94.30411094601271,58.43666423539625,0,0,0,0,0,0,0,-100,0,0,0
2016-03-10,4.192,4.26,4.152,4.176,4.0478000000000005,4.067240000000001,0.06267747251865874,0.0373364865961993,0.02534098592245944,58.87147567707694,54.7177806158374,0,0,0,0,0,0,0,0,0,0,0
2016-03-11,4.228,4.322,4.19,4.316,4.088600000000001,4.062160000000001,0.07158638995866706,0.04418646726869285,0.02739992268997421,122.17774219375478,60.317090274849946,0,0,0,0,0,0,0,0,0,0,0
2016-03-14,4.33,4.474,4.32,4.36,4.120600000000001,4.059320000000001,0.08126048322410195,0.051601270459774674,0.02965921276432728,190.88007295941688,61.91118303521732,0,0,0,0,0,0,0,0,0,0,-100
2016-03-15,4.4,4.414,4.306,4.32,4.153200000000001,4.055320000000001,0.08472297244090576,0.05822561085600089,0.02649736158490487,145.5092592592593,59.568472958004925,0,0,0,-100,0,0,0,0,0,0,0
2016-03-16,4.36,4.48,4.354,4.48,4.181300000000001,4.056520000000001,0.09923377769691033,0.06642724422418278,0.03280653347272755,184.2326139088735,65.23521749072563,0,0,0,0,0,0,0,0,0,0,0
2016-03-17,4.48,4.586,4.4319999999999995,4.572,4.203600000000001,4.060760000000001,0.11681080429125057,0.07650395623759634,0.040306848053654226,187.77317526067725,68.01147786380487,0,0,0,0,0,0,0,0,0,0,0
2016-03-18,4.55,4.644,4.546,4.63,4.2338000000000005,4.06604,0.13387758234332647,0.08797868145874237,0.04589890088458411,175.5415873748146,69.65664176500249,0,0,0,0,0,0,0,0,0,0,0
2016-03-21,4.574,4.66,4.574,4.66,4.257300000000001,4.07484,0.14811648158819146,0.10000624148463219,0.04811024010355927,146.05405405405372,70.50170622282087,0,0,0,0,0,0,0,0,0,0,0
2016-03-22,4.66,4.698,4.602,4.698,4.288500000000001,4.08268,0.16061571624911686,0.11212813643752913,0.04848757981158773,131.41452725711392,71.58134083818095,0,0,0,0,0,0,0,-100,0,0,0
2016-03-23,4.698,4.698,4.48,4.656000000000001,4.324700000000001,4.0914,0.16522775803475298,0.12274806075697389,0.04247969727777909,90.66871812405613,68.59313220657323,0,0,0,0,0,0,0,0,0,0,0
2016-03-24,4.68,4.68,4.542,4.646,4.3580000000000005,4.10212,0.16616052287495453,0.13143055318057,0.03472996969438452,81.65282720442845,67.86668655925958,0,0,0,0,0,0,0,0,0,0,0
2016-03-25,4.646,4.646,4.646,4.646,4.3848,4.11124,0.16499775432668073,0.13814399340979217,0.02685376091688857,79.10685805422617,67.86668655925958,0,0,0,0,0,100,0,0,0,0,0
2016-03-28,4.646,4.646,4.646,4.646,4.411600000000001,4.12336,0.16220643703869797,0.14295648213557333,0.019249954903124644,69.77781770271851,67.86668655925956,0,0,0,0,0,100,0,0,0,0,0
2016-03-29,4.63,4.82,4.588,4.74,4.437600000000001,4.137919999999999,0.16566957663314152,0.14749910103508695,0.01817047559805457,92.82121627800642,71.42024088284471,0,0,0,0,0,0,0,0,0,0,0
2016-03-30,4.694,4.7780000000000005,4.694,4.76,4.466,4.154319999999999,0.16809033185234235,0.15161734719853803,0.016472984653804312,101.98004721651084,72.12653443706083,0,0,0,0,0,0,0,0,0,0,0
2016-03-31,4.7860000000000005,4.7860000000000005,4.688,4.702,4.4936,4.16876,0.16344459498017994,0.15398279675486642,0.009461798225313511,90.69145190818202,66.95861403693887,0,0,0,0,-100,0,0,0,0,0,0
2016-04-01,4.75,4.78,4.652,4.72,4.5211,4.1792,0.15937805361332646,0.15506184812655843,0.004316205486768032,83.70325934813042,67.73134933426422,0,0,0,0,0,0,0,0,100,0,0
2016-04-04,4.79,4.79,4.66,4.732,4.5465,4.19288,0.15533300777190728,0.1551160800556282,0.00021692771627906948,89.68782364255021,68.26421189389636,0,0,0,0,0,0,0,0,0,0,0
2016-04-05,4.75,4.75,4.6419999999999995,4.73,4.5717,4.2070799999999995,0.15023409142581734,0.15413968232966604,-0.0039055909038487047,56.89223057644104,68.0624795193539,0,0,0,0,0,0,0,0,0,0,0
2016-04-06,4.672,4.748,4.55,4.6,4.589499999999999,4.2183199999999985,0.1341567741583587,0.15014310069540457,-0.015986326537045875,-58.58523545136828,56.3962439791165,0,0,0,0,0,0,0,0,0,0,0
2016-04-07,4.61,4.65,4.52,4.612,4.611299999999999,4.231159999999999,0.12098899824615117,0.1443122802055539,-0.023323281959402725,-113.6607052642203,57.12676349217588,0,0,0,0,0,100,0,0,100,0,0
2016-04-08,4.612,4.85,4.572,4.724,4.6316999999999995,4.245639999999998,0.11822804562836886,0.1390954332901169,-0.020867387661748033,57.13284262180221,63.305873581884356,0,0,0,0,0,0,0,0,0,0,0
2016-04-11,4.7,4.87,4.666,4.822,4.6548,4.261199999999999,0.1225352417753669,0.1357833949871669,-0.013248153211800007,131.56821004080197,67.69343477517201,0,0,0,0,0,0,0,0,0,0,0
2016-04-12,4.83,4.83,4.662,4.71,4.674299999999999,4.275559999999999,0.11557893970506239,0.131742503930746,-0.016163564225683602,57.122114128068716,59.009349294142254,0,0,0,0,0,0,0,0,0,0,0
2016-04-13,4.69,4.85,4.69,4.84,4.692299999999999,4.293359999999999,0.11918207694678884,0.12923041853395456,-0.010048341587165721,133.3229426433904,64.6740998305926,0,0,0,100,0,0,0,0,0,0,0
2016-04-14,4.88,4.88,4.784,4.8,4.703699999999999,4.3096,0.11745596422225191,0.12687552767161403,-0.009419563449362123,159.1445427728597,61.842172923792404,0,0,0,0,-100,0,0,0,0,0,0
2016-04-15,4.78,4.9,4.78,4.9,4.717199999999999,4.327999999999999,0.12274227517343039,0.1260488771719773,-0.003306601998546904,175.4470621629302,65.86620069985182,0,0,0,100,0,0,0,0,0,0,0
2016-04-18,4.78,4.94,4.72,4.93,4.730699999999999,4.3496,0.1278783618141146,0.12641477410040475,0.0014635877137098574,138.05463445444533,66.99085124267924,0,0,0,0,0,0,0,0,0,0,0
2016-04-19,4.96,4.99,4.88,4.99,4.7452999999999985,4.3773599999999995,0.13523138283671177,0.12817809584766615,0.007053286989045615,173.65728900255849,69.17814173250677,0,0,0,0,0,0,0,-100,0,0,0
2016-04-20,4.982,4.99,4.928,4.99,4.761999999999998,4.40516,0.1394511983633997,0.13043271635081286,0.009018482012586843,147.48358862144403,69.17814173250679,0,0,0,0,0,100,0,-100,0,0,0
2016-04-21,4.934,4.988,4.89,4.9,4.7746999999999975,4.43576,0.13398864701407032,0.13114390248346436,0.0028447445306059582,97.19207579672764,62.027913002954115,0,0,0,0,0,0,0,0,0,0,0
2016-04-22,4.87,4.9,4.86,4.9,4.787399999999998,4.463760000000001,0.12818193416756962,0.1305515088202854,-0.0023695746527157835,59.24426450742327,62.02791300295411,0,0,0,0,0,0,0,0,0,0,0
2016-04-25,4.84,4.96,4.84,4.96,4.803099999999998,4.4885600000000005,0.12695807727452646,0.12983282251113362,-0.0028747452366071624,72.60240729955378,64.83789787355589,0,0,0,0,0,0,0,0,0,0,0
2016-04-26,4.9,4.978,4.88,4.882,4.810199999999998,4.512840000000001,0.11833017711872884,0.12753229343265265,-0.009202116313923814,59.79403794037867,58.75116766095416,0,0,0,0,0,0,0,0,-100,0,0
2016-04-27,4.882,4.91,4.848,4.904,4.8173999999999975,4.53256,0.11197691999246384,0.1244212187446149,-0.012444298752151056,29.38456065457052,59.89475429153074,0,0,0,0,0,0,100,0,0,0,0
2016-04-28,4.9,4.92,4.8580000000000005,4.87,4.825799999999998,4.54744,0.1030109559192649,0.1201391661795449,-0.017128210260279997,14.508083935327317,57.252975831667996,0,0,0,0,0,0,0,0,0,0,0
2016-04-29,4.87,4.93,4.84,4.868,4.833199999999998,4.56428,0.09465288200528565,0.11504190934469305,-0.020389027339407395,2.171194156785157,57.09345049863629,0,0,0,0,0,100,0,0,0,0,0
2016-05-02,4.83,4.8660000000000005,4.752,4.83,4.838099999999998,4.5770800000000005,0.08399452914384575,0.1088324333045236,-0.02483790416067784,-117.03703703703609,54.01397992766511,0,0,0,0,0,100,0,0,0,0,0
2016-05-03,4.77,4.828,4.754,4.78,4.840599999999998,4.5912,0.07069816118523775,0.10120557888066642,-0.030507417695428668,-164.02116402116212,50.17883785348426,0,0,0,0,0,0,0,0,0,0,0
2016-05-04,4.78,4.78,4.65,4.732,4.847199999999998,4.607200000000001,0.05564604200188139,0.09209367150490941,-0.03644762950302802,-217.7244139508288,46.747307853244365,0,0,0,0,0,0,0,0,0,0,0
2016-05-05,4.768,4.92,4.702,4.82,4.857599999999998,4.6240000000000006,0.05023887122287629,0.08372271144850278,-0.03348384022562649,-75.66408472276918,53.08209376775872,0,0,0,0,0,0,0,0,0,0,0
2016-05-06,4.76,4.82,4.76,4.8,4.861399999999998,4.6378,0.043834519515987935,0.07574507306199982,-0.03191055354601188,-85.2448804796392,51.58031361801236,0,0,0,0,0,0,0,0,0,0,0
2016-05-09,4.6080000000000005,4.67,4.572,4.5760000000000005,4.849099999999997,4.64712,0.02044838049189046,0.06468573454797795,-0.04423735405608749,-212.41997439180568,38.457159610255175,0,0,0,0,0,0,0,0,0,0,0
2016-05-10,4.5760000000000005,4.58,4.394,4.48,4.8375999999999975,4.65232,-0.005765242737723497,0.05059553909083766,-0.056360781828561156,-232.44431418522862,34.415862309728894,0,0,0,0,0,0,0,0,0,0,0
2016-05-11,4.468,4.49,4.3580000000000005,4.43,4.817099999999998,4.65708,-0.03022588495194789,0.03443125428228055,-0.06465713923422844,-189.5833333333334,32.500224452785105,0,0,0,0,0,0,0,0,0,0,0
2016-05-12,4.376,4.49,4.3,4.4,4.797099999999999,4.66208,-0.051438913638853556,0.017257220698053726,-0.06869613433690729,-150.93265886816326,31.37190624191637,0,0,0,0,0,0,0,0,0,0,0
2016-05-13,4.454,4.454,4.35,4.454,4.774799999999997,4.66776,-0.06316491715550221,0.0011727931273425377,-0.06433771028284474,-112.04985028728684,35.69922262783447,0,0,0,0,0,100,0,0,0,0,0
2016-05-16,4.5,4.5,4.34,4.34,4.745299999999998,4.6700800000000005,-0.08072614592603333,-0.015206994683332635,-0.06551915124270069,-100.3243569435012,31.223221401909562,0,0,0,-100,0,0,0,0,0,0,0
2016-05-17,4.35,4.416,4.3180000000000005,4.4,4.715799999999998,4.67356,-0.08877866253056865,-0.029921328252779836,-0.05885733427778882,-90.25060075523469,35.78661652579449,0,0,0,0,0,0,0,0,0,0,0
2016-05-18,4.35,4.42,4.35,4.42,4.687299999999999,4.67708,-0.09248045004089622,-0.04243315261040311,-0.05004729743049311,-72.90510177108119,37.28048500510855,0,0,0,0,0,0,0,0,0,0,0
2016-05-19,4.42,4.7,4.354,4.664,4.675499999999998,4.68684,-0.0748624151838495,-0.04891900512509239,-0.025943410058757117,0.38118166315571433,51.963174725072,0,0,0,0,0,0,0,0,0,0,0
2016-05-20,4.7,4.718,4.612,4.7,4.665499999999998,4.69452,-0.05733418371255716,-0.05060204084258534,-0.00673214286997182,51.63776493256259,53.68589040526952,0,0,0,0,0,100,0,0,0,0,0
2016-05-23,4.72,4.77,4.612,4.68,4.651499999999999,4.70092,-0.044543299412114656,-0.0493902925564912,0.004846993144376546,62.663067926225665,52.55819469876791,0,0,0,-100,0,0,0,0,0,0,0
2016-05-24,4.622,4.738,4.504,4.648,4.639799999999998,4.70748,-0.0365670419184676,-0.04682564242888648,0.01025860051041888,40.49976426214039,50.72235057434177,0,0,0,0,0,0,0,0,0,0,0
2016-05-25,4.646,4.75,4.646,4.75,4.6320999999999986,4.71288,-0.021764366766254817,-0.04181338729636015,0.020049020530105335,90.99502487562218,55.998289946544176,0,0,0,0,0,0,0,0,0,0,0
2016-05-26,4.77,4.838,4.73,4.834,4.630299999999998,4.71812,-0.0032179475812874614,-0.03409429935334561,0.03087635177205815,134.7454477889262,59.81410450718829,0,0,0,0,0,0,0,0,0,0,0
2016-05-27,4.838,4.872,4.728,4.8,4.626899999999998,4.721520000000001,0.008637143775382938,-0.0255480107275999,0.03418515450298284,114.77755421417376,57.63543383710088,0,0,0,0,0,0,0,0,0,0,0
2016-05-30,4.83,4.83,4.77,4.82,4.6263999999999985,4.7247200000000005,0.019422333370775036,-0.01655394190792491,0.03597627527869995,99.78131833801942,58.590909082771816,0,0,0,0,0,100,0,0,0,0,0
2016-05-31,4.85,4.888,4.762,4.886,4.631699999999998,4.72848,0.032915888371486623,-0.006659975852042603,0.039575864223529225,101.01836539298421,61.663650770079215,0,0,0,0,0,0,0,-100,0,0,0
2016-06-01,4.894,4.894,4.81,4.88,4.639099999999997,4.73296,0.04263401962991953,0.0031988232443498233,0.03943519638556971,96.70859538784082,61.218908979837536,0,0,0,0,0,100,0,-100,0,0,0
2016-06-02,4.886,4.888,4.8260000000000005,4.8260000000000005,4.6393999999999975,4.73656,0.04545439005028751,0.011649936605537361,0.033804453444750145,82.22093992434425,57.21903396816877,0,0,0,0,0,0,0,0,0,0,0
2016-06-03,4.8260000000000005,4.872,4.718,4.843999999999999,4.641599999999998,4.74052,0.0485819806639638,0.01903634541722265,0.02954563524674115,58.55658829961713,58.19944085877039,0,0,0,0,0,0,0,0,0,0,0
2016-06-06,4.8260000000000005,4.838,4.7,4.784,4.6519999999999975,4.74328,0.0456924065787927,0.02436755764953666,0.02132484892925604,28.973143759873672,53.775553262154716,0,0,0,0,0,0,0,0,0,0,0
2016-06-07,4.84,4.84,4.702,4.77,4.666499999999997,4.743880000000001,0.04179097495560935,0.027852241110751196,0.013938733844858154,12.629321221297007,52.76765992277019,0,0,0,0,0,0,0,0,0,0,0
2016-06-08,4.77,4.79,4.698,4.698,4.679899999999998,4.742640000000001,0.03251445758752425,0.028784684406105807,0.0037297731814184415,-45.773260852438625,47.80523147857059,0,0,0,0,0,0,0,0,0,0,0
2016-06-09,4.69,4.69,4.604,4.664,4.693099999999998,4.74188,0.022163745033184412,0.02746049653152153,-0.005296751498337117,-126.94438121253486,45.62328506992433,0,0,0,0,0,0,100,0,0,0,0
2016-06-10,4.6739999999999995,4.6739999999999995,4.438,4.5,4.695399999999998,4.737480000000001,0.000719013031543092,0.02211219983152584,-0.021393186799982748,-198.00203496438778,36.87943784378188,0,0,0,0,0,0,0,0,0,0,0
2016-06-13,4.498,4.498,4.25,4.25,4.690899999999997,4.7278400000000005,-0.036033628998592526,0.010483034065502167,-0.046516663064094695,-265.64586846542926,28.053143829747246,0,0,0,0,0,0,0,0,0,0,0
2016-06-14,4.252,4.3,4.0,4.13,4.677399999999997,4.715840000000001,-0.07399044393390053,-0.006411661534378372,-0.06757878239952216,-231.64962918420488,24.96465783368874,0,0,0,0,0,0,0,0,0,0,0
2016-06-15,4.2,4.204,4.07,4.07,4.659899999999998,4.705240000000001,-0.1076718180976437,-0.02666369284703144,-0.08100812525061227,-170.49632352941117,23.567539992756185,0,0,0,0,0,0,0,0,0,0,0
2016-06-16,4.12,4.178,4.05,4.066,4.629999999999997,4.694320000000001,-0.13315241816214218,-0.04796143791005359,-0.0851909802520886,-132.662649835964,23.47322654202192,0,0,0,0,0,0,0,0,0,0,0
2016-06-17,4.132,4.303999999999999,4.1,4.303999999999999,4.610199999999997,4.685920000000001,-0.13261268980057128,-0.06489168828815713,-0.06772100151241416,-79.7007234507234,39.09166925107292,0,0,0,0,0,0,0,0,0,0,0
2016-06-20,4.303999999999999,4.38,4.263999999999999,4.33,4.592699999999997,4.676080000000002,-0.12860449590132816,-0.07763424981079134,-0.050970246090536825,-48.40591646933681,40.519831632894515,0,0,0,0,0,0,0,0,0,0,0
2016-06-21,4.33,4.396,4.31,4.396,4.580099999999997,4.6698,-0.11873363747996901,-0.08585412734462687,-0.03287951013534214,-30.346839135121236,44.10282514211774,0,0,0,0,0,0,0,0,0,0,0
2016-06-22,4.4,4.4,4.27,4.4,4.562599999999998,4.6610000000000005,-0.1093278807398157,-0.09054887802366464,-0.018779002716151058,-26.18877226463122,44.32173246250759,0,0,0,0,0,100,0,-100,0,0,0
2016-06-23,4.3919999999999995,4.44,4.3,4.41,4.541399999999998,4.653200000000001,-0.09991507553610823,-0.09242211752615336,-0.007492958009954878,-10.91242549289325,44.902665013095685,0,0,0,0,0,0,0,0,0,0,0
2016-06-24,4.0,4.2860000000000005,3.9,4.252,4.513999999999998,4.64024,-0.10400572586897461,-0.09473883919471761,-0.009266886674257,-86.1252247322756,38.13279398120428,0,0,0,0,0,0,0,0,0,0,0
2016-06-27,4.284,4.284,4.0,4.0,4.472999999999997,4.62164,-0.12612796500875234,-0.10101666435752456,-0.025111300651227783,-96.44471313009274,30.289069263476804,0,0,0,0,0,0,0,0,0,0,0
2016-06-28,4.08,4.178,3.91,4.15,4.436199999999998,4.60484,-0.13005703595862173,-0.10682473867774399,-0.023232297280877737,-89.94778067885146,38.41005807995904,0,0,0,0,0,0,0,0,100,0,0
2016-06-29,4.18,4.342,4.08,4.302,4.4072999999999976,4.59108,-0.11952788031013029,-0.10936536700422125,-0.010162513305909032,-3.1121936132377934,45.35680004719202,0,0,0,0,0,0,0,0,0,0,0
2016-06-30,4.334,4.5,4.254,4.5,4.390999999999998,4.58308,-0.09412152895806347,-0.10631659939498969,0.01219507043692622,110.93474426807751,52.82163996831546,0,0,0,0,0,0,0,0,0,0,0
2016-07-01,4.47,4.51,4.414,4.5,4.373799999999998,4.57508,-0.07314365791062549,-0.09968201109811685,0.026538353187491356,126.5776052371164,52.82163996831546,0,0,0,0,0,0,0,-100,0,0,0
2016-07-04,4.4319999999999995,4.48,4.342,4.44,4.3565999999999985,4.564679999999999,-0.060660782783309664,-0.09187776543515541,0.03121698265184575,81.98232808298074,50.401804238423665,0,0,0,0,0,100,0,0,0,0,0
2016-07-05,4.39,4.482,4.162,4.162,4.326199999999998,4.55028,-0.07236609961765339,-0.08797543227165501,0.01560933265400162,-6.239460370994475,41.0241920281653,0,0,0,0,0,0,0,0,0,0,0
2016-07-06,4.17,4.2,4.0280000000000005,4.148,4.298699999999998,4.535159999999999,-0.08182905611615521,-0.08674615704055505,0.004917100924399842,-93.60789360789323,40.61437137131519,0,0,0,0,0,100,0,0,0,0,0
2016-07-07,4.198,4.2,4.11,4.2,4.275499999999998,4.52176,-0.08416238036864332,-0.0862294017061727,0.0020670213375293817,-61.344307270232534,42.896178704501,0,0,0,0,0,100,0,-100,0,0,0
2016-07-08,4.2,4.38,4.16,4.38,4.269499999999998,4.512,-0.07067239361069344,-0.08311800008707684,0.012445606476383403,18.338188375641295,50.05070409091788,0,0,0,0,0,0,0,0,0,0,0
2016-07-11,4.4,4.48,4.302,4.45,4.279499999999998,4.504399999999999,-0.05371388667941357,-0.07723717740554419,0.023523290726130616,75.09454349000542,52.540964606841825,0,0,0,0,0,0,0,0,0,0,0
2016-07-12,4.488,4.59,4.436,4.542,4.300099999999999,4.4996399999999985,-0.032476151771096085,-0.06828497227865457,0.035808820507558486,119.81351981352027,55.669173262247206,0,0,0,0,0,0,0,0,0,0,0
2016-07-13,4.6,4.636,4.47,4.48,4.320599999999998,4.494599999999998,-0.020412671124738324,-0.058710512047871324,0.038297840923133,108.8245315161841,53.127695410512544,0,0,0,-100,0,0,0,0,0,0,0
2016-07-14,4.5360000000000005,4.588,4.37,4.46,4.340299999999997,4.487399999999999,-0.012324044736568673,-0.0494332185856108,0.037109173849042124,70.78944387812845,52.2982614767305,0,0,0,0,0,0,0,0,0,0,0
2016-07-15,4.39,4.482,4.2,4.402,4.3451999999999975,4.4794399999999985,-0.010473137512372332,-0.0416412023709631,0.03116806485859077,9.929623927864434,49.86686614118267,0,0,0,0,0,100,0,0,0,0,0
2016-07-18,4.0,4.196000000000001,3.99,4.14,4.3356999999999974,4.470719999999998,-0.02980392943059673,-0.03927374778288983,0.009469818352293095,-129.8534798534795,40.668953068413416,0,0,0,0,0,0,0,0,0,0,0
2016-07-19,4.138,4.14,3.98,3.9819999999999998,4.314999999999998,4.460759999999999,-0.057213479458486205,-0.0428616941180091,-0.014351785340477104,-142.81965492357173,36.318400530241675,0,0,0,0,0,0,0,0,0,0,0
2016-07-20,3.992,4.126,3.98,4.098,4.299899999999997,4.454119999999999,-0.06878263142383023,-0.048045881579173326,-0.020736749844656906,-104.77177799813683,41.284545969364714,0,0,0,0,0,0,0,0,0,0,0
2016-07-21,4.07,4.12,4.022,4.022,4.280499999999998,4.446559999999998,-0.08312561223515313,-0.055061827710369285,-0.02806378452478385,-93.81140484148679,39.13141094711495,0,0,0,0,0,0,0,0,-100,0,0
2016-07-22,4.03,4.098,4.03,4.0760000000000005,4.271699999999998,4.438999999999998,-0.08910799763165755,-0.06187106169462694,-0.027236935937030617,-75.74316290130785,41.467273878812435,0,0,0,0,0,0,0,0,0,0,0
2016-07-25,4.06,4.106,3.972,4.0,4.271699999999998,4.432199999999998,-0.09884225402343016,-0.06926530016038758,-0.029576953863042585,-79.92633517495419,39.1879245024545,0,0,0,0,0,0,0,0,0,0,0
2016-07-26,4.0,4.05,3.932,3.988,4.2635999999999985,4.4239599999999975,-0.10629966568053462,-0.07667217326441698,-0.029627492416117632,-85.97785977859792,38.82503897267884,0,0,0,0,0,100,0,0,0,0,0
2016-07-27,3.99,4.09,3.99,4.0360000000000005,4.250299999999998,4.416279999999998,-0.10710191509073841,-0.08275812162968127,-0.02434379346105714,-61.807257870703936,41.171689610863616,0,0,0,0,0,0,0,0,0,0,0
2016-07-28,4.0,4.056,3.94,3.98,4.224299999999999,4.402599999999998,-0.11097715989826895,-0.08840192928339881,-0.022575230614870143,-69.33844951325224,39.278637270883074,0,0,0,0,0,0,0,0,0,0,0
2016-07-29,4.018,4.018,3.9219999999999997,3.988,4.198699999999999,4.388359999999999,-0.11211044674293458,-0.09314363277530596,-0.018966813967628615,-69.00754793961681,39.705148826912904,0,0,0,0,0,0,0,0,0,0,0
2016-08-01,4.0,4.048,3.9019999999999997,3.928,4.173099999999999,4.373319999999998,-0.11650706239909248,-0.09781631870006327,-0.018690743699029205,-74.67995885750469,37.573494277354555,0,0,0,0,0,0,0,0,0,0,0
2016-08-02,3.93,3.93,3.8,3.838,4.1568999999999985,4.357119999999998,-0.12580347566361372,-0.10341375009277336,-0.02238972557084036,-138.4843722716953,34.57496884279483,0,0,0,0,0,0,0,0,0,0,0
2016-08-03,3.88,3.898,3.716,3.898,4.144399999999998,4.340079999999998,-0.12686700770090376,-0.10810440161439944,-0.01876260608650432,-160.9321175278624,38.12038468423759,0,0,0,0,0,0,0,0,100,0,0
2016-08-04,3.89,4.05,3.8139999999999996,4.05,4.136899999999998,4.324399999999998,-0.11412912530617803,-0.10930934635275516,-0.004819778953422865,-31.15468409586156,46.090515388108514,0,0,0,0,0,0,0,0,0,0,0
2016-08-05,3.986,4.05,3.9,4.034,4.119599999999998,4.309079999999998,-0.10412503938089479,-0.10827248495838308,0.004147445577488293,5.609580406985334,45.42723791452835,0,0,0,0,0,0,0,0,-100,0,0
2016-08-08,4.01,4.0280000000000005,3.9739999999999998,3.99,4.096599999999998,4.2924799999999985,-0.09861044169720135,-0.10634007630614674,0.007729634608945393,13.108614232209685,43.570323673742294,0,0,0,0,0,0,0,0,0,0,0
2016-08-09,3.9739999999999998,4.04,3.9739999999999998,4.04,4.071499999999999,4.275559999999998,-0.08917751825046505,-0.1029075646950104,0.013730046444545355,49.0536199654057,46.25867424970115,0,0,0,100,0,0,0,0,0,0,0
2016-08-10,4.1,4.118,4.1,4.11,4.052999999999998,4.260159999999998,-0.07518673756427052,-0.09736339926886242,0.0221766617045919,165.99114838108463,49.86010046678386,0,0,0,0,0,100,0,0,0,0,0
2016-08-11,4.118,4.12,4.078,4.1,4.034999999999998,4.245639999999998,-0.06416619158432546,-0.09072395773195503,0.026557766147629572,144.32729566549443,49.3512954944768,0,0,0,0,0,0,100,-100,0,0,0
2016-08-12,4.11,4.128,4.066,4.128,4.021299999999998,4.231319999999998,-0.05256700380420476,-0.08309256694640497,0.030525563142200215,132.02424242424118,50.8632791032272,0,0,0,0,0,0,0,-100,0,0,0
2016-08-15,4.128,4.128,4.128,4.128,4.020699999999998,4.218199999999999,-0.04288026689608593,-0.07505010693634116,0.032169840040255235,122.55263877495112,50.8632791032272,0,0,0,0,0,100,0,0,0,0,0
2016-08-16,4.1,4.11,4.022,4.022,4.022699999999999,4.203239999999997,-0.043258119553302166,-0.06869170945973337,0.0254335899064312,43.91491653204066,44.96925827006364,0,0,0,0,0,0,0,0,0,0,0
2016-08-17,4.022,4.0360000000000005,3.984,4.024,4.018999999999998,4.189759999999998,-0.04290164377700911,-0.06353369632318852,0.020632052546179405,6.077872744539242,45.098528971747776,0,0,0,0,0,100,0,0,0,0,0
2016-08-18,4.012,4.05,4.012,4.012,4.018499999999998,4.176719999999998,-0.043090710974762914,-0.0594450992535034,0.016354388278740487,12.90614346343718,44.424232928810795,0,0,0,0,0,100,0,0,0,0,0
2016-08-19,4.008,4.034,3.938,4.0,4.014699999999998,4.166719999999998,-0.04370504326958713,-0.056297088056720145,0.012592044787133015,-25.143022666377277,43.720260485849,0,0,0,0,0,0,0,0,0,0,0
2016-08-22,4.06,4.09,3.9360000000000004,4.07,4.0181999999999976,4.1631199999999975,-0.03810424899038001,-0.05265852024345212,0.014554271253072112,6.553966189856042,48.81561801250034,0,0,0,0,0,0,0,0,0,0,0
2016-08-23,4.01,4.086,4.01,4.034,4.0204999999999975,4.161199999999997,-0.03615372072045542,-0.04935756033885278,0.013203839618397363,2.842717594115342,46.48472676751565,0,0,0,0,0,0,0,0,0,0,0
2016-08-24,4.034,4.05,3.9739999999999998,4.02,4.019699999999998,4.160199999999998,-0.0353303299594554,-0.0465521142629733,0.011221784303517904,-51.47058823529451,45.573377903180926,0,0,0,0,0,0,0,0,0,0,0
2016-08-25,4.002,4.02,3.94,4.0,4.020699999999997,4.158879999999998,-0.035878039990472566,-0.04441729940847315,0.008539259418000586,-97.50519750519777,44.23903734906665,0,0,0,0,0,100,0,0,0,0,0
2016-08-26,3.94,4.004,3.94,4.0,4.021299999999997,4.152799999999998,-0.03589829098354347,-0.04271349772348722,0.006815206739943749,-102.35028248587496,44.23903734906665,0,0,0,0,0,0,0,0,0,0,0
2016-08-29,4.006,4.006,3.9339999999999997,3.9539999999999997,4.022599999999997,4.145279999999998,-0.03917457548257541,-0.042005713275304855,0.002831137792729442,-114.39916405433694,41.034250334760216,0,0,0,0,-100,0,0,0,0,0,0
2016-08-30,3.91,3.946,3.8739999999999997,3.8739999999999997,4.024399999999997,4.134839999999998,-0.047676797520477265,-0.04313993012433934,-0.004536867396137928,-185.16963973417268,36.13193182042572,0,0,0,0,0,0,0,0,0,0,0
2016-08-31,3.878,4.0,3.832,4.0,4.029499999999997,4.126839999999998,-0.04374347521375643,-0.04326063914222276,-0.0004828360715336752,-103.0081300812988,46.893343025127535,-100,0,0,0,0,0,0,0,0,0,0
2016-09-01,3.998,4.008,3.938,3.98,4.025999999999998,4.1182399999999975,-0.0417587528912402,-0.042960261892026244,0.0012015090007860413,-46.32237871674585,45.58051215286736,0,0,0,0,0,0,0,0,-100,0,0
2016-09-02,3.9219999999999997,3.988,3.85,3.938,4.021199999999998,4.111959999999997,-0.043078315141220624,-0.04298387254186512,-9.444259935550287e-05,-119.89247311827948,42.866454148153814,0,0,0,0,0,0,0,0,0,0,0
2016-09-05,3.938,3.97,3.89,3.892,4.0162999999999975,4.109799999999997,-0.04729075490811452,-0.043845249015115,-0.003445505892999516,-114.99244712990925,40.05343362016857,0,0,0,0,0,0,0,0,0,0,0
2016-09-06,3.892,3.998,3.872,3.872,4.007899999999998,4.104239999999997,-0.05164761506840909,-0.04540572222577382,-0.006241892842635273,-100.59880239520912,38.85942207685307,0,0,0,0,0,0,0,0,0,0,0
2016-09-07,3.878,3.9219999999999997,3.862,3.9,3.9973999999999976,4.096199999999998,-0.05223891445247553,-0.04677236067111416,-0.0054665537813613635,-112.02185792349847,41.489191035944415,0,0,0,0,0,0,0,0,0,0,0
2016-09-08,3.9,3.9560000000000004,3.8819999999999997,3.9,3.9873999999999983,4.084199999999998,-0.05210686793625996,-0.04783926212414332,-0.0042676058121166385,-70.57057057057081,41.489191035944415,0,0,0,0,0,100,0,0,0,0,0
2016-09-09,3.9,3.9019999999999997,3.862,3.9,3.975999999999998,4.072199999999998,-0.051409602227700635,-0.04855333014485479,-0.002856272082845848,-97.4772956609483,41.48919103594442,0,0,0,0,0,100,100,0,0,0,0
2016-09-12,3.86,3.866,3.77,3.77,3.958099999999998,4.058799999999998,-0.06064781738791547,-0.05097222759346692,-0.009675589794448547,-207.80282935455335,33.206819509094615,0,0,0,0,0,0,0,0,0,0,0
2016-09-13,3.87,3.87,3.6839999999999997,3.6839999999999997,3.9411999999999976,4.049239999999998,-0.07405499089078571,-0.05558878025293068,-0.01846621063785503,-236.58214861497834,29.07218440116178,0,0,0,0,0,0,0,0,0,0,0
2016-09-14,3.7,3.736,3.6260000000000003,3.642,3.9220999999999977,4.039119999999998,-0.08706568248544722,-0.06188416069943399,-0.025181521786013225,-229.19014708488473,27.285386093752166,0,0,0,0,0,0,0,0,0,0,0
2016-09-15,3.65,3.6639999999999997,3.5660000000000003,3.576,3.900299999999997,4.026639999999998,-0.10153200003128804,-0.0698137285658048,-0.03171827146548324,-193.1475559616268,24.71478851138985,0,0,0,0,0,0,0,0,0,0,0
2016-09-16,3.576,3.6639999999999997,3.522,3.628,3.8816999999999973,4.011599999999999,-0.10756080152696068,-0.07736314315803597,-0.030197658368924712,-142.82703090089026,30.287407095883133,0,0,0,0,0,0,0,0,0,0,0
2016-09-19,3.65,3.8080000000000003,3.61,3.728,3.8645999999999967,3.997159999999999,-0.1030812494050295,-0.08250676440743468,-0.020574484997594816,-62.70326421351197,39.553601620102405,0,0,0,0,0,0,0,0,0,0,0
2016-09-20,3.73,3.77,3.674,3.7260000000000004,3.849199999999996,3.980839999999999,-0.09855645786328804,-0.08571670309860535,-0.012839754764682687,-49.46785866326136,39.44068722056087,0,0,0,0,0,100,0,0,0,0,0
2016-09-21,3.778,3.79,3.7,3.7,3.8331999999999966,3.9652399999999988,-0.09596231682217127,-0.08776582584331853,-0.008196490978852736,-37.47534516765264,37.924975399330876,0,0,0,0,0,0,0,0,0,0,0
2016-09-22,3.75,3.76,3.62,3.654,3.8158999999999965,3.949119999999999,-0.09650579815095783,-0.08951382030484639,-0.006991977846111441,-61.93513366806967,35.337494873912775,0,0,0,0,0,0,0,0,0,0,0
2016-09-23,3.65,3.73,3.6039999999999996,3.61,3.796399999999996,3.933279999999999,-0.09934179294529555,-0.09147941483293623,-0.00786237811235932,-74.3911942333921,33.01705837615101,0,0,0,0,0,0,0,0,0,0,0
2016-09-26,3.6639999999999997,3.6639999999999997,3.44,3.44,3.7706999999999966,3.919279999999999,-0.11399287954547122,-0.09598210777544322,-0.018010771770027995,-153.85888370693584,25.931904700309843,0,0,0,0,0,0,0,0,0,0,0
2016-09-27,3.48,3.49,3.4,3.432,3.748599999999997,3.908279999999999,-0.12481076358212784,-0.10174783893678015,-0.02306292464534769,-171.59647404505353,25.65292440654695,0,0,0,0,0,0,0,0,0,0,0
2016-09-28,3.4760000000000004,3.52,3.4,3.4019999999999997,3.718699999999997,3.8943599999999985,-0.1342571312623333,-0.10824969740189078,-0.02600743386044252,-145.88946934286545,24.584800230332633,0,0,0,0,0,0,0,0,0,0,0
2016-09-29,3.452,3.502,3.4,3.43,3.691199999999997,3.882519999999999,-0.1378945175501025,-0.11417866143153313,-0.023715856118569384,-119.90653365687109,27.614220850444337,0,0,0,0,0,0,0,0,0,0,0
2016-09-30,3.43,3.4560000000000004,3.344,3.392,3.663899999999997,3.868839999999999,-0.1422042131596073,-0.11978377177714797,-0.022420441382459327,-124.70468041632128,26.08289793369626,0,0,0,0,0,0,0,0,0,0,0
2016-10-03,3.408,3.4739999999999998,3.4,3.452,3.641899999999997,3.857879999999999,-0.13917386968375345,-0.12366179135846907,-0.015512078325284381,-80.53837909143405,32.45227623257965,0,0,0,0,0,0,0,0,0,0,0
2016-10-04,3.4939999999999998,3.758,3.4339999999999997,3.7,3.633299999999997,3.852119999999999,-0.11543016616638946,-0.12201546632005314,0.006585300153663681,36.15812073755964,51.17844189954772,0,0,0,0,0,0,0,0,0,0,0
2016-10-05,3.65,3.698,3.562,3.676,3.622099999999997,3.8449199999999983,-0.09742663587596034,-0.11709770023123459,0.019671064355274243,42.277825711820455,49.741300428089666,0,0,0,0,0,0,0,0,-100,0,0
2016-10-06,3.694,3.72,3.592,3.6639999999999997,3.6102999999999965,3.8385999999999982,-0.08316829578088347,-0.11031181934116437,0.027143523560280894,46.605233764161255,49.00038835463154,0,0,0,0,0,0,0,0,0,0,0
2016-10-07,3.622,3.656,3.528,3.5780000000000003,3.5941999999999963,3.8303999999999987,-0.07790984361772235,-0.10383142419647597,0.025921580578753614,10.886889460154014,43.948064527866556,0,0,0,0,0,0,0,0,0,0,0
2016-10-10,3.582,3.678,3.5260000000000002,3.61,3.5861999999999967,3.8240399999999988,-0.07034940567088421,-0.09713502049135761,0.026785614820473397,29.142515410801217,46.17206849800278,0,0,0,0,0,0,0,0,0,0,0
2016-10-11,3.58,3.66,3.58,3.62,3.582999999999997,3.819679999999999,-0.06282656220061611,-0.09027332883320931,0.027446766632593197,48.11139090505083,46.88136296629096,0,0,0,0,0,0,0,0,0,0,0
2016-10-12,3.6,3.67,3.58,3.58,3.579899999999997,3.813319999999999,-0.05940750749085533,-0.08410016456473851,0.024692657073883184,46.485647788983286,44.36318579505137,0,0,0,0,0,0,0,0,0,0,0
2016-10-13,3.59,3.622,3.536,3.542,3.5781999999999976,3.803159999999999,-0.05908309132234324,-0.07909674991625945,0.02001365859391621,19.038219005318368,42.052271689526386,0,0,0,0,0,0,0,0,0,0,0
2016-10-14,3.502,3.64,3.502,3.612,3.5773999999999972,3.7947199999999994,-0.05257156194447932,-0.07379171232190343,0.021220150377424113,29.690300874217613,47.479624187862484,0,0,0,100,0,0,0,0,0,0,0
2016-10-17,3.5639999999999996,3.6639999999999997,3.5639999999999996,3.6639999999999997,3.5741999999999976,3.788199999999999,-0.04272268209635843,-0.06757790627679443,0.024855224180435995,61.67213513185039,51.14054409361075,0,0,0,0,0,0,0,0,0,0,0
2016-10-18,3.678,3.764,3.6239999999999997,3.7119999999999997,3.573499999999998,3.7816399999999986,-0.03069039523989492,-0.06020040406941453,0.02951000882951961,118.86257842541971,54.30673550327833,0,0,0,0,0,0,0,0,0,0,0
2016-10-19,3.73,3.798,3.728,3.78,3.577499999999998,3.7750399999999984,-0.015489140349618236,-0.05125815132545527,0.03576901097583703,175.88652482269515,58.41774892713285,0,0,0,0,0,0,0,0,0,0,0
2016-10-20,3.798,3.798,3.656,3.7060000000000004,3.580099999999998,3.7671599999999983,-0.009305944747838968,-0.04286771000993201,0.03356176526209304,118.29121540312953,52.845712392307966,0,0,0,-100,0,0,0,0,0,0,0
2016-10-21,3.73,3.7319999999999998,3.58,3.7039999999999997,3.5847999999999978,3.7586799999999982,-0.004515054236498006,-0.03519717885524521,0.030682124618747204,44.255363036302334,52.699407842500904,0,0,0,0,0,0,0,0,0,0,0
2016-10-24,3.73,3.7319999999999998,3.676,3.69,3.597299999999998,3.7499199999999986,-0.0018268630468547542,-0.02852311569356712,0.026696252646712364,72.473734479465,51.62203525375285,0,0,0,0,0,0,0,0,0,0,0
2016-10-25,3.67,3.71,3.66,3.696,3.6104999999999974,3.7433999999999985,0.0007787210823169133,-0.022662748338390312,0.023441469420707226,50.23696682464453,52.07424203910039,0,0,0,0,0,0,0,0,0,0,0
2016-10-26,3.72,3.734,3.65,3.7,3.6253999999999977,3.7369199999999982,0.0031303471540913286,-0.017504129239893983,0.020634476393985312,52.119026149684,52.39372456559268,0,0,0,0,0,0,0,0,0,0,0
2016-10-27,3.73,3.8,3.7119999999999997,3.75,3.6413999999999973,3.7316799999999986,0.008925719749879768,-0.012218159441939233,0.021143879191819002,110.38598273235135,56.3139877136265,0,0,0,0,0,0,0,0,0,0,0
2016-10-28,3.7939999999999996,3.88,3.7560000000000002,3.858,3.6646999999999976,3.7288399999999986,0.02197992084629652,-0.005378543384292082,0.027358464230588603,172.73582686426704,63.33691884666111,0,0,0,0,0,0,0,0,0,0,0
2016-10-31,3.832,3.9,3.8,3.9,3.6870999999999983,3.7254399999999985,0.03530751519994135,0.002758668332554606,0.032548846867386745,175.20537714712427,65.64961128505587,0,0,0,0,0,0,0,0,0,0,0
